time, xAcc, yAcc, zAcc, xAcc_calib, yAcc_calib, zAcc_calib, xAcc_linear, yAcc_linear, zAcc_linear, accMag
0,-0.2277837,-0.9487923,-0.2332763,0,0,0,0,0,0,-0.000856458
0.01998901,-0.210693,-0.9680784,-0.2308349,0,0,0,0,0,0,0.002016098
0.03997803,-0.1992193,-0.9639287,-0.2193597,0,0,0,0,0,0,0.000378101
0.05999756,-0.172852,-0.9690556,-0.2127671,0,0,0,0,0,0,-0.001133986
0.07998657,-0.1511229,-0.9946901,-0.201782,0,0,0,0,0,0,0.005204169
0.1000061,-0.2067875,-0.9446409,-0.2125244,0,0,0,0,0,0,-0.004713472
0.1199951,-0.2080074,-0.9265746,-0.2088616,0,0,0,0,0,0,-0.01741093
0.1399841,-0.2080074,-0.9265746,-0.2088616,0,0,0,0,0,0,-0.02492114
0.1600037,-0.210693,-0.937317,-0.2252195,0,0,0,0,0,0,-0.02374516
0.1799927,-0.177246,-1.014711,-0.246947,0,0,0,0,0,0,0.00474543
0.1999817,-0.1640623,-0.9539192,-0.2193597,0,0,0,0,0,0,-0.003458181
0.2200012,-0.2043462,-0.9265746,-0.2213125,0,0,0,0,0,0,-0.01528581
0.2399902,-0.2043462,-0.9265746,-0.2213125,0,0,0,0,0,0,-0.02229042
0.2599792,-0.2475584,-0.9360971,-0.2425529,0,0,0,0,0,0,-0.01723578
0.2799988,-0.1997079,-0.972474,-0.2347404,0,0,0,0,0,0,-0.005676555
0.2999878,-0.1577156,-0.9563605,-0.2178956,0,0,0,0,0,0,-0.008771763
0.3200073,-0.1821286,-0.9387828,-0.2325434,0,0,0,0,0,0,-0.01409847
0.3399963,-0.1821286,-0.9387828,-0.2325434,0,0,0,0,0,0,-0.01718454
0.3599854,-0.192871,-0.9387828,-0.2391345,0,0,0,0,0,0,-0.01751143
0.3800049,-0.1889655,-0.937317,-0.2257081,0,0,0,0,0,0,-0.01956443
0.3999939,-0.2180185,-0.9431768,-0.2337633,0,0,0,0,0,0,-0.01552089
0.4199829,-0.1931153,-0.9607545,-0.2823482,0,0,0,0,0,0,-0.003823024
0.4400024,-0.1308596,-0.9622203,-0.2816154,0,0,0,0,0,0,-3.91E-05
0.4599915,-0.1308596,-0.9622203,-0.2816154,0,0,0,0,0,0,0.002248607
0.4799805,-0.1831058,-0.932923,-0.2801512,0,0,0,0,0,0,-0.003970279
0.5,-0.2087403,-0.9495251,-0.2608635,0,0,0,0,0,0,-0.0018214
0.519989,-0.1784675,-0.9966428,-0.2376703,0,0,0,0,0,0,0.01219767
0.539978,-0.1384278,-1.046448,-0.2279051,0,0,0,0,0,0,0.03570697
0.5599976,-0.1035151,-1.016419,-0.21521,0,0,0,0,0,0,0.03597892
0.5799866,-0.06249994,-0.954652,-0.1888426,0,0,0,0,0,0,0.009603717
0.6000061,-0.1071779,-0.9712526,-0.1925038,0,0,0,0,0,0,0.001462947
0.6199951,-0.1071779,-0.9712526,-0.1925038,0,0,0,0,0,0,-0.003472078
0.6399841,-0.1071779,-0.9712526,-0.1925038,0,0,0,0,0,0,-0.006422305
0.6600037,-0.1484374,-0.9915159,-0.2283921,0,0,0,0,0,0,0.004137341
0.6799927,-0.1755376,-0.939027,-0.2318105,0,0,0,0,0,0,-0.006707866
0.6999817,-0.1430662,-0.9426882,-0.2049546,0,0,0,0,0,0,-0.0161469
0.7200012,-0.1521001,-0.9651501,-0.2237538,0,0,0,0,0,0,-0.01140404
0.7399902,-0.1521001,-0.9651501,-0.2237538,0,0,0,0,0,0,-0.008428629
0.7599792,-0.1535643,-0.9692999,-0.2020263,0,0,0,0,0,0,-0.006697124
0.7799988,-0.1687007,-0.9697884,-0.2701401,0,0,0,0,0,0,0.00154959
0.7999878,-0.1647952,-0.9878547,-0.2625719,0,0,0,0,0,0,0.01207059
0.8200073,-0.1647952,-0.9878547,-0.2625719,0,0,0,0,0,0,0.01831583
0.8399963,-0.1633295,-0.9990857,-0.250854,0,0,0,0,0,0,0.02480923
0.8599854,-0.1196287,-0.9297488,-0.2694089,0,0,0,0,0,0,0.002808433
0.8800049,-0.1306154,-0.9087527,-0.2908936,0,0,0,0,0,0,-0.01518614
0.8999939,-0.1816401,-0.9241334,-0.2862537,0,0,0,0,0,0,-0.01783229
0.9199829,-0.1674808,-0.9402469,-0.239623,0,0,0,0,0,0,-0.01915123
0.9400024,-0.1645509,-0.9776009,-0.1756589,0,0,0,0,0,0,-0.01135096
0.9599915,-0.2685546,-1.03473,-0.1649166,0,0,0,0,0,0,0.02192008
0.9799805,-0.3005374,-1.028137,-0.2498768,0,0,0,0,0,0,0.04876413
1,-0.2568367,-0.9890746,-0.3138425,0,0,0,0,0,0,0.05277259
1.019989,-0.2568367,-0.9890746,-0.3138425,0,0,0,0,0,0,0.05469435
1.039978,-0.1157232,-0.9094855,-0.1395264,0,0,0,0,0,0,0.001524143
1.059998,-0.09936538,-0.9966428,-0.1656494,0,0,0,0,0,0,0.002738015
1.079987,-0.179443,-0.9524534,-0.2301021,0,0,0,0,0,0,-0.003789382
1.100006,-0.1767574,-0.9378056,-0.2657461,0,0,0,0,0,0,-0.009797542
1.119995,-0.141602,-0.9456181,-0.2506097,0,0,0,0,0,0,-0.0141608
1.139984,-0.09033146,-0.9470823,-0.2137443,0,0,0,0,0,0,-0.0217418
1.160004,-0.121583,-0.9392698,-0.1312253,0,0,0,0,0,0,-0.03331581
1.179993,-0.208496,-0.9736939,-0.0755607,0,0,0,0,0,0,-0.02385526
1.199982,-0.2185055,-1.019105,-0.2171627,0,0,0,0,0,0,0.007178107
1.220001,-0.2016606,-0.9700327,-0.3167724,0,0,0,0,0,0,0.01657127
1.23999,-0.1484374,-0.9751596,-0.2696531,0,0,0,0,0,0,0.0154063
1.259979,-0.1784675,-0.9942015,-0.1641837,0,0,0,0,0,0,0.01484557
1.279999,-0.2255867,-0.9639287,-0.1871326,0,0,0,0,0,0,0.008344783
1.299988,-0.1843257,-0.9849249,-0.2308349,0,0,0,0,0,0,0.01222618
1.320007,-0.1535643,-0.9837034,-0.221801,0,0,0,0,0,0,0.01132333
1.339996,-0.1684579,-0.9763795,-0.1734619,0,0,0,0,0,0,0.005293058
1.359985,-0.2285166,-0.9651501,-0.1768788,0,0,0,0,0,0,0.002208369
1.380005,-0.2353519,-0.990296,-0.1624753,0,0,0,0,0,0,0.009169768
1.399994,-0.2353519,-0.990296,-0.1624753,0,0,0,0,0,0,0.01329082
1.419983,-0.1679694,-0.9873661,-0.1761475,0,0,0,0,0,0,0.01039625
1.440002,-0.1933596,-0.9651501,-0.1951894,0,0,0,0,0,0,0.003444717
1.459991,-0.2463386,-0.9583132,-0.1895739,0,0,0,0,0,0,0.000718438
1.47998,-0.2431644,-0.9602659,-0.1761475,0,0,0,0,0,0,-0.001449312
1.5,-0.1853028,-0.9570934,-0.170532,0,0,0,0,0,0,-0.008995253
1.519989,-0.1853028,-0.9570934,-0.170532,0,0,0,0,0,0,-0.01347134
1.539978,-0.2104487,-0.9815064,-0.1451403,0,0,0,0,0,0,-0.006707449
1.559998,-0.2104487,-0.9815064,-0.1451403,0,0,0,0,0,0,-0.00255497
1.579987,-0.1821286,-0.9834591,-0.1580797,0,0,0,0,0,0,-0.00064996
1.600006,-0.1408692,-0.9844363,-0.1868883,0,0,0,0,0,0,0.000232623
1.619995,-0.1264656,-0.9981085,-0.1873769,0,0,0,0,0,0,0.005140039
1.639984,-0.1506344,-1.005921,-0.1859127,0,0,0,0,0,0,0.01208555
1.660004,-0.1618653,-0.9920045,-0.1964108,0,0,0,0,0,0,0.01242476
1.679993,-0.1782232,-0.9756466,-0.1917725,0,0,0,0,0,0,0.007202246
1.699982,-0.1960452,-0.9861447,-0.18396,0,0,0,0,0,0,0.008525997
1.720001,-0.1960452,-0.9861447,-0.18396,0,0,0,0,0,0,0.009245207
1.73999,-0.1711435,-0.9600217,-0.1910396,0,0,0,0,0,0,-0.001214745
1.759979,-0.1870112,-0.9456181,-0.1898182,0,0,0,0,0,0,-0.01180097
1.779999,-0.2099617,-0.9343871,-0.1776117,0,0,0,0,0,0,-0.02129078
1.799988,-0.2189941,-0.9522092,-0.1807858,0,0,0,0,0,0,-0.01936385
1.820007,-0.2014164,-0.9810178,-0.180053,0,0,0,0,0,0,-0.008938403
1.839996,-0.1813973,-1.000061,-0.1893296,0,0,0,0,0,0,0.003652319
1.859985,-0.1474618,-1.029603,-0.1964108,0,0,0,0,0,0,0.02058737
1.880005,-0.1474618,-1.029603,-0.1964108,0,0,0,0,0,0,0.03062904
1.899994,-0.1467289,-1.019349,-0.1837157,0,0,0,0,0,0,0.03170459
1.919983,-0.1467289,-1.019349,-0.1837157,0,0,0,0,0,0,0.03205356
1.940002,-0.1445319,-0.8128057,-0.1732176,0,0,0,0,0,0,-0.04502077
1.959991,-0.2080074,-0.9605103,-0.188354,0,0,0,0,0,0,-0.03147528
1.97998,-0.1413577,-1.00763,-0.1617424,0,0,0,0,0,0,-0.01173629
2,-0.1162118,-0.9519664,-0.1849356,0,0,0,0,0,0,-0.02004918
2.019989,-0.1440433,-0.954652,-0.18396,0,0,0,0,0,0,-0.02255602
2.039978,-0.1625982,-0.96637,-0.1639394,0,0,0,0,0,0,-0.01977431
2.059998,-0.1391607,-0.9627072,-0.186644,0,0,0,0,0,0,-0.01908823
2.079987,-0.1357422,-0.9722297,-0.2015377,0,0,0,0,0,0,-0.01405501
2.100006,-0.1433105,-0.9636844,-0.195678,0,0,0,0,0,0,-0.01406964
2.119995,-0.1501474,-0.9385385,-0.199585,0,0,0,0,0,0,-0.02250864
2.139984,-0.1677251,-0.9299931,-0.2020263,0,0,0,0,0,0,-0.02923962
2.160004,-0.177246,-0.9382942,-0.1964108,0,0,0,0,0,0,-0.02978989
2.179993,-0.1801759,-0.9358529,-0.1976307,0,0,0,0,0,0,-0.03043397
2.199982,-0.1826172,-0.9522092,-0.2161856,0,0,0,0,0,0,-0.02291257
2.220001,-0.1511229,-0.968567,-0.2025133,0,0,0,0,0,0,-0.01525506
2.23999,-0.1286626,-0.985902,-0.1868883,0,0,0,0,0,0,-0.006419538
2.259979,-0.1286626,-0.985902,-0.1868883,0,0,0,0,0,0,-0.001017479
2.279999,-0.1193844,-1.008851,-0.197875,0,0,0,0,0,0,0.01111474
2.299988,-0.1396493,-1.015198,-0.2059318,0,0,0,0,0,0,0.02224288
2.320007,-0.1726077,-0.9993284,-0.1851799,0,0,0,0,0,0,0.0233053
2.339996,-0.1896968,-0.9905403,-0.1712633,0,0,0,0,0,0,0.02071847
2.359985,-0.1840829,-1.004455,-0.1654051,0,0,0,0,0,0,0.02333324
2.380005,-0.1657723,-1.015931,-0.1654051,0,0,0,0,0,0,0.0277618
2.399994,-0.1271969,-1.011781,-0.2098388,0,0,0,0,0,0,0.02962022
2.419983,-0.1874998,-0.9692999,-0.1629638,0,0,0,0,0,0,0.01507864
2.440002,-0.1874998,-0.9692999,-0.1629638,0,0,0,0,0,0,0.006144994
2.459991,-0.2148443,-0.9500121,-0.1207272,0,0,0,0,0,0,-0.006598939
2.47998,-0.2111816,-0.9776009,-0.1512443,0,0,0,0,0,0,-0.002815073
2.5,-0.1687007,-1.002991,-0.1727291,0,0,0,0,0,0,0.007144914
2.519989,-0.139405,-0.9964001,-0.1610095,0,0,0,0,0,0,0.0082582
2.539978,-0.12378,-0.9959115,-0.160034,0,0,0,0,0,0,0.00784467
2.559998,-0.1489259,-0.970277,-0.1544185,0,0,0,0,0,0,-0.001046172
2.579987,-0.170655,-0.9634401,-0.1544185,0,0,0,0,0,0,-0.007612772
2.600006,-0.1745604,-0.9758909,-0.1571041,0,0,0,0,0,0,-0.006492761
2.619995,-0.1745604,-0.9758909,-0.1571041,0,0,0,0,0,0,-0.005754052
2.639984,-0.157227,-0.9873661,-0.1729733,0,0,0,0,0,0,-0.001107974
2.660004,-0.1359865,-0.9990857,-0.1885983,0,0,0,0,0,0,0.005938928
2.679993,-0.110352,-0.9973757,-0.1890869,0,0,0,0,0,0,0.008370501
2.699982,-0.1345224,-0.9837034,-0.1610095,0,0,0,0,0,0,0.003949726
2.720001,-0.1640623,-0.9793094,-0.1553941,0,0,0,0,0,0,0.000940854
2.73999,-0.1767574,-0.9776009,-0.1741932,0,0,0,0,0,0,0.000467907
2.759979,-0.1755376,-0.9744267,-0.1834714,0,0,0,0,0,0,-0.000446015
2.779999,-0.1716305,-0.9695442,-0.1783445,0,0,0,0,0,0,-0.003398664
2.799988,-0.1760261,-0.9717411,-0.1629638,0,0,0,0,0,0,-0.005048062
2.820007,-0.1809088,-0.9780895,-0.164428,0,0,0,0,0,0,-0.003235664
2.839996,-0.1809088,-0.9780895,-0.164428,0,0,0,0,0,0,-0.002109349
2.859985,-0.1835943,-0.9746711,-0.1766345,0,0,0,0,0,0,-0.001697508
2.880005,-0.1813973,-0.9766238,-0.1888426,0,0,0,0,0,0,-2.61E-05
2.899994,-0.1564941,-0.972474,-0.1873769,0,0,0,0,0,0,-0.002233715
2.919983,-0.1516115,-0.9680784,-0.1859127,0,0,0,0,0,0,-0.005557307
2.940002,-0.1516115,-0.9680784,-0.1859127,0,0,0,0,0,0,-0.007513654
2.959991,-0.1696778,-0.9851691,-0.1912839,0,0,0,0,0,0,-0.000853396
2.97998,-0.1640623,-0.9834591,-0.2012934,0,0,0,0,0,0,0.002936037
3,-0.15503,-0.9929816,-0.1898182,0,0,0,0,0,0,0.007331801
3.019989,-0.1467289,-0.9812621,-0.1771231,0,0,0,0,0,0,0.004249141
3.039978,-0.1467289,-0.9812621,-0.1771231,0,0,0,0,0,0,0.002345275
3.059998,-0.1435547,-0.9695442,-0.170532,0,0,0,0,0,0,-0.00377499
3.079987,-0.1425776,-0.9827278,-0.1483144,0,0,0,0,0,0,-0.003945683
3.100006,-0.1687007,-0.9653928,-0.1693106,0,0,0,0,0,0,-0.007618307
3.119995,-0.1687007,-0.9653928,-0.1693106,0,0,0,0,0,0,-0.009766049
3.139984,-0.2121587,-0.9680784,-0.1812744,0,0,0,0,0,0,-0.006048337
3.160004,-0.2368161,-0.9868776,-0.1910396,0,0,0,0,0,0,0.005840757
3.179993,-0.2255867,-0.96637,-0.1854242,0,0,0,0,0,0,0.004159383
3.199982,-0.2060547,-0.9600217,-0.168335,0,0,0,0,0,0,-0.001956051
3.220001,-0.2060547,-0.9600217,-0.168335,0,0,0,0,0,0,-0.005634235
3.23999,-0.2053218,-0.9771124,-0.1434318,0,0,0,0,0,0,-0.003057942
3.259979,-0.2185055,-0.9959115,-0.1387935,0,0,0,0,0,0,0.006243268
3.279999,-0.1997079,-0.9424439,-0.1783445,0,0,0,0,0,0,-0.006913542
3.299988,-0.1960452,-0.9492809,-0.1712633,0,0,0,0,0,0,-0.01305826
3.320007,-0.1708992,-0.9795536,-0.146606,0,0,0,0,0,0,-0.008755006
3.339996,-0.1708992,-0.9795536,-0.146606,0,0,0,0,0,0,-0.006070542
3.359985,-0.1574713,-0.9907846,-0.1456288,0,0,0,0,0,0,-0.001108595
3.380005,-0.1467289,-0.9932259,-0.1671136,0,0,0,0,0,0,0.003453003
3.399994,-0.1467289,-0.9944458,-0.1771231,0,0,0,0,0,0,0.007271985
3.419983,-0.1484374,-0.9888303,-0.1702877,0,0,0,0,0,0,0.00708255
3.440002,-0.1484374,-0.9888303,-0.1702877,0,0,0,0,0,0,0.00690073
3.459991,-0.1523444,-0.9783322,-0.1595454,0,0,0,0,0,0,0.002388828
3.47998,-0.195068,-1.036682,-0.21521,0,0,0,0,0,0,0.02764848
3.5,-0.2590337,-1.023499,-0.2398673,0,0,0,0,0,0,0.0449619
3.519989,-0.2590337,-1.023499,-0.2398673,0,0,0,0,0,0,0.05500074
3.539978,-0.2829597,-0.9900517,-0.2227782,0,0,0,0,0,0,0.04946692
3.559998,-0.2221682,-0.9331673,-0.2203369,0,0,0,0,0,0,0.01932248
3.579987,-0.1115719,-0.9443967,-0.288208,0,0,0,0,0,0,0.004507168
3.600006,-0.1115719,-0.9443967,-0.288208,0,0,0,0,0,0,-0.004491509
3.619995,-0.06176708,-0.9631958,-0.3121325,0,0,0,0,0,0,-0.002018041
3.639984,-0.2683103,-0.9717411,-0.2252195,0,0,0,0,0,0,0.006550707
3.660004,-0.452149,-0.9697884,-0.1719962,0,0,0,0,0,0,0.03096999
3.679993,-0.4250487,-0.9548948,-0.2005606,0,0,0,0,0,0,0.03804328
3.699982,-0.4064939,-0.9417126,-0.195678,0,0,0,0,0,0,0.03432241
3.720001,-0.4064939,-0.9417126,-0.195678,0,0,0,0,0,0,0.03174708
3.73999,-0.3659673,-0.9414684,-0.2042233,0,0,0,0,0,0,0.02469658
3.759979,-0.3195809,-0.9505007,-0.2132557,0,0,0,0,0,0,0.01817762
3.779999,-0.2939448,-0.9326787,-0.2169184,0,0,0,0,0,0,0.005118628
3.799988,-0.2939448,-0.9326787,-0.2169184,0,0,0,0,0,0,-0.002824154
3.820007,-0.2939448,-0.9326787,-0.2169184,0,0,0,0,0,0,-0.007598737
3.839996,-0.3264162,-0.919495,-0.2452385,0,0,0,0,0,0,-0.008744597
3.859985,-0.3442382,-0.9209592,-0.2735586,0,0,0,0,0,0,-0.003852837
3.880005,-0.3518064,-0.9082641,-0.2965075,0,0,0,0,0,0,-0.001767294
3.899994,-0.3601075,-0.8897092,-0.2984618,0,0,0,0,0,0,-0.005427128
3.919983,-0.3601075,-0.8897092,-0.2984618,0,0,0,0,0,0,-0.007587959
3.940002,-0.3872077,-0.8291636,-0.2750243,0,0,0,0,0,0,-0.02767164
3.959991,-0.4050297,-0.795715,-0.2852781,0,0,0,0,0,0,-0.04647233
3.97998,-0.4255373,-0.7827756,-0.2960205,0,0,0,0,0,0,-0.05681808
4,-0.4316414,-0.7813115,-0.3009031,0,0,0,0,0,0,-0.06134905
4.019989,-0.4282229,-0.7678835,-0.2987061,0,0,0,0,0,0,-0.06859599
4.039978,-0.4282229,-0.7678835,-0.2987061,0,0,0,0,0,0,-0.07232512
4.059998,-0.4001471,-0.7940066,-0.3162838,0,0,0,0,0,0,-0.06813751
4.079987,-0.3864748,-0.757874,-0.286498,0,0,0,0,0,0,-0.08245509
4.100006,-0.3542477,-0.6843874,-0.2391345,0,0,0,0,0,0,-0.1248263
4.119995,-0.3542477,-0.6843874,-0.2391345,0,0,0,0,0,0,-0.1492539
4.139984,-0.2507326,-0.7664194,-0.2938219,0,0,0,0,0,0,-0.1430828
4.160004,-0.2148443,-0.7969365,-0.4197989,0,0,0,0,0,0,-0.1122446
4.179993,-0.2214354,-0.7752074,-0.5096434,0,0,0,0,0,0,-0.08198051
4.199982,-0.2416987,-0.7808229,-0.5028065,0,0,0,0,0,0,-0.06068267
4.220001,-0.2612307,-0.7971808,-0.3997799,0,0,0,0,0,0,-0.05876978
4.23999,-0.2536625,-0.8110973,-0.2987061,0,0,0,0,0,0,-0.06787609
4.259979,-0.2272951,-0.8137829,-0.255248,0,0,0,0,0,0,-0.07963773
4.279999,-0.2119144,-0.8301392,-0.2554923,0,0,0,0,0,0,-0.0816583
4.299988,-0.2583008,-0.8767698,-0.2791741,0,0,0,0,0,0,-0.05867076
4.320007,-0.3317874,-0.9197393,-0.3035887,0,0,0,0,0,0,-0.01834292
4.339996,-0.3571776,-1.021546,-0.375121,0,0,0,0,0,0,0.05240147
4.359985,-0.4094238,-1.407044,-0.4495848,0,0,0,0,0,0,0.2419023
4.380005,-0.5090334,-1.998352,-0.5093991,0,0,0,0,0,0,0.5788643
4.399994,-0.558594,-1.915833,-0.6639405,0,0,0,0,0,0,0.7690803
4.419983,-0.6833495,-1.056946,-0.5098876,0,0,0,0,0,0,0.59359
4.440002,-0.3698727,-0.6707152,-0.02697729,0,0,0,0,0,0,0.2570757
4.459991,-0.09374991,-0.5198365,0.2891851,0,0,0,0,0,0,-0.01119059
4.47998,-0.008301065,-0.3992307,0.2518311,0,0,0,0,0,0,-0.2226922
4.5,0.05273471,-0.4490355,0.2020278,0,0,0,0,0,0,-0.3396468
4.519989,0.05517602,-0.7463987,0.1976323,0,0,0,0,0,0,-0.3011436
4.539978,0.04931626,-1.114074,0.2301037,0,0,0,0,0,0,-0.1364715
4.559998,0.01220653,-1.270569,0.2530526,0,0,0,0,0,0,0.02399994
4.579987,-0.292725,-1.052552,-0.005981124,0,0,0,0,0,0,0.04361192
4.600006,-0.292725,-1.052552,-0.005981124,0,0,0,0,0,0,0.05505303
4.619995,-0.2663576,-0.9739382,0.0133066,0,0,0,0,0,0,0.03001134
4.639984,-0.1665037,-0.9170537,0.06164572,0,0,0,0,0,0,-0.0141807
4.660004,-0.1743161,-0.8804325,-0.09631258,0,0,0,0,0,0,-0.0526948
4.679993,-0.1337895,-0.9270632,-0.2210682,0,0,0,0,0,0,-0.05278017
4.699982,-0.09033146,-0.9697884,-0.09191854,0,0,0,0,0,0,-0.04628367
4.720001,-0.09326134,-1.005677,0.02014195,0,0,0,0,0,0,-0.02980299
4.73999,-0.1025395,-1.028626,0.05212478,0,0,0,0,0,0,-0.01011638
4.759979,-0.1157232,-1.01886,0.07556225,0,0,0,0,0,0,-0.000721014
4.779999,-0.1159675,-0.986389,0.1080336,0,0,0,0,0,0,-0.006111939
4.799988,-0.102051,-0.9146124,0.1136476,0,0,0,0,0,0,-0.03658234
4.820007,-0.1179202,-0.8980103,0.1021739,0,0,0,0,0,0,-0.06066367
4.839996,-0.1179202,-0.8980103,0.1021739,0,0,0,0,0,0,-0.07464452
4.859985,-0.1162118,-0.9363415,0.1168217,0,0,0,0,0,0,-0.0674658
4.880005,-0.1066893,-0.932923,0.1263442,0,0,0,0,0,0,-0.06372593
4.899994,-0.07128958,-0.9265746,0.1236586,0,0,0,0,0,0,-0.06464509
4.919983,-0.06103578,-0.9234021,0.09606985,0,0,0,0,0,0,-0.06728991
4.940002,-0.06176708,-0.9785765,0.07238808,0,0,0,0,0,0,-0.04818469
4.959991,-0.07690505,-1.08722,0.04333514,0,0,0,0,0,0,0.004712204
4.97998,-0.09228574,-1.112855,-0.005981124,0,0,0,0,0,0,0.04648286
5,-0.1462403,-1.06012,0.09606985,0,0,0,0,0,0,0.05524499
5.019989,-0.1674808,-1.071107,0.1759048,0,0,0,0,0,0,0.06907486
5.039978,-0.3198252,-1.194398,0.01037672,0,0,0,0,0,0,0.1293028
5.059998,-0.3198252,-1.194398,0.01037672,0,0,0,0,0,0,0.1644821
5.079987,-0.3112798,-1.141663,-0.04235799,0,0,0,0,0,0,0.1642644
5.100006,-0.2316892,-1.130432,-0.0926514,0,0,0,0,0,0,0.1525207
5.119995,-0.3232421,-1.337708,-0.02697729,0,0,0,0,0,0,0.2271273
5.139984,-0.5739747,-1.464172,0.07019106,0,0,0,0,0,0,0.3452139
5.160004,-0.8007813,-1.202942,0.0714125,0,0,0,0,0,0,0.3649222
5.179993,-0.5888668,-0.8506467,-0.06237702,0,0,0,0,0,0,0.2174162
5.199982,-0.0383296,-0.9060671,-0.3765867,0,0,0,0,0,0,0.105472
5.220001,-0.009765226,-1.54303,0.1707763,0,0,0,0,0,0,0.2535986
5.23999,-0.009765226,-1.54303,0.1707763,0,0,0,0,0,0,0.3407319
5.259979,0.06323279,-1.551576,0.5294197,0,0,0,0,0,0,0.4236635
5.279999,0.0793448,-0.9426882,0.2528083,0,0,0,0,0,0,0.218434
5.299988,0.0793448,-0.9426882,0.2528083,0,0,0,0,0,0,0.09229766
5.320007,-0.0427252,-0.9446409,0.2115488,0,0,0,0,0,0,0.01128129
5.339996,-0.117676,-0.9675914,0.1732192,0,0,0,0,0,0,-0.02981595
5.359985,-0.1809088,-0.9202279,0.05993727,0,0,0,0,0,0,-0.07346625
5.380005,-0.2336435,-0.8638304,-0.07116666,0,0,0,0,0,0,-0.1151377
5.399994,-0.2639163,-0.8601692,-0.09704544,0,0,0,0,0,0,-0.136472
5.419983,-0.1726077,-0.8313606,0.03723265,0,0,0,0,0,0,-0.1689944
5.440002,-0.05053769,-0.7549441,0.1185317,0,0,0,0,0,0,-0.2189855
5.459991,0.04540924,-0.6668097,0.1156019,0,0,0,0,0,0,-0.2804066
5.47998,0.04540924,-0.6668097,0.1156019,0,0,0,0,0,0,-0.3148718
5.5,0.1914068,-0.5127568,0.04040526,0,0,0,0,0,0,-0.3819138
5.519989,0.1914068,-0.5127568,0.04040526,0,0,0,0,0,0,-0.4188126
5.539978,0.1843257,-0.4873666,-0.04089227,0,0,0,0,0,0,-0.4470746
5.559998,-0.0332027,-0.7105105,-0.1151117,0,0,0,0,0,0,-0.3847176
5.579987,-0.0332027,-0.7105105,-0.1151117,0,0,0,0,0,0,-0.343368
5.600006,-0.09765694,-0.8543095,-0.2491455,0,0,0,0,0,0,-0.2487241
5.619995,-0.5529785,-1.295472,-1.029173,0,0,0,0,0,0,0.1335642
5.639984,-0.5529785,-1.295472,-1.029173,0,0,0,0,0,0,0.3633886
5.660004,-0.7836921,-1.357727,-0.891234,0,0,0,0,0,0,0.5212151
5.679993,-1.002686,-1.05597,-0.5416247,0,0,0,0,0,0,0.5168
5.699982,-1.002686,-1.05597,-0.5416247,0,0,0,0,0,0,0.5092214
5.720001,-0.7561033,-0.8862923,-0.3426512,0,0,0,0,0,0,0.3708661
5.73999,-0.4069825,-1.190979,-0.0523675,0,0,0,0,0,0,0.3009395
5.759979,-0.1499031,-1.521546,0.1788331,0,0,0,0,0,0,0.3620766
5.779999,0.09716836,-1.073792,0.4346926,0,0,0,0,0,0,0.2524006
5.799988,0.07592791,-0.6343383,0.2935792,0,0,0,0,0,0,0.009125004
5.820007,0.07592791,-0.6343383,0.2935792,0,0,0,0,0,0,-0.1380218
5.839996,0.0537103,-0.4590465,0.1781018,0,0,0,0,0,0,-0.3046193
5.859985,0.1140132,-0.866029,0.2467042,0,0,0,0,0,0,-0.2457349
5.880005,0.1311039,-1.103821,0.2774672,0,0,0,0,0,0,-0.1173595
5.899994,0.1665037,-1.109436,0.2623292,0,0,0,0,0,0,-0.03619536
5.919983,0.1665037,-1.109436,0.2623292,0,0,0,0,0,0,0.01321224
5.940002,0.1423333,-1.020325,0.2156985,0,0,0,0,0,0,0.005112985
5.959991,0.004394041,-0.9578246,0.1905526,0,0,0,0,0,0,-0.02868798
5.97998,-0.1120605,-0.9209592,0.1124277,0,0,0,0,0,0,-0.06483323
6,-0.1076664,-0.970277,0.05847311,0,0,0,0,0,0,-0.06955885
6.019989,-0.1076664,-0.970277,0.05847311,0,0,0,0,0,0,-0.0717547
6.039978,-0.1547857,-0.984192,-0.009398019,0,0,0,0,0,0,-0.06542676
6.059998,-0.3339844,-0.9470823,-0.1917725,0,0,0,0,0,0,-0.05107748
6.079987,-0.2204598,-0.9705197,0.1419692,0,0,0,0,0,0,-0.04840617
6.100006,-0.1962894,-0.8762828,0.0516362,0,0,0,0,0,0,-0.08654967
6.119995,-0.1962894,-0.8762828,0.0516362,0,0,0,0,0,0,-0.1087852
6.139984,-0.1618653,-0.8472298,-0.0933827,0,0,0,0,0,0,-0.1333105
6.160004,-0.1191401,-0.9146124,-0.02575586,0,0,0,0,0,0,-0.1259297
6.179993,-0.1098635,-0.9719855,0.1873785,0,0,0,0,0,0,-0.09243242
6.199982,-0.09155289,-1.042054,0.1871342,0,0,0,0,0,0,-0.04595382
6.220001,-0.09155289,-1.042054,0.1871342,0,0,0,0,0,0,-0.01742093
6.23999,-0.1145018,-1.140686,0.1534429,0,0,0,0,0,0,0.03570035
6.259979,-0.1489259,-1.106019,-0.005981124,0,0,0,0,0,0,0.05203548
6.279999,-0.2204598,-1.040101,0.1002212,0,0,0,0,0,0,0.0431396
6.299988,-0.2204598,-1.040101,0.1002212,0,0,0,0,0,0,0.03735221
6.320007,-0.2895508,-1.074768,0.134888,0,0,0,0,0,0,0.05375662
6.339996,-0.3239749,-1.085266,-0.0728751,0,0,0,0,0,0,0.06836893
6.359985,-0.4794919,-1.358949,-0.1968994,0,0,0,0,0,0,0.197969
6.380005,-0.7089841,-1.335998,-0.02844146,0,0,0,0,0,0,0.2965789
6.399994,-0.6838381,-1.089417,-0.0858145,0,0,0,0,0,0,0.2683981
6.419983,-0.6838381,-1.089417,-0.0858145,0,0,0,0,0,0,0.248813
6.440002,-0.1213387,-1.138489,-0.3624259,0,0,0,0,0,0,0.2010982
6.459991,-0.2038577,-1.583801,0.3072514,0,0,0,0,0,0,0.3319305
6.47998,-0.1909183,-1.634583,0.726929,0,0,0,0,0,0,0.473581
6.5,-0.1909183,-1.634583,0.726929,0,0,0,0,0,0,0.5547097
6.519989,0.1164545,-1.392152,0.7000746,0,0,0,0,0,0,0.5086188
6.539978,0.2607421,-0.8701788,-0.03039419,0,0,0,0,0,0,0.2275195
6.559998,0.05859292,-0.9155896,-0.1624753,0,0,0,0,0,0,0.06410734
6.579987,-0.04931626,-0.9590461,-0.1717519,0,0,0,0,0,0,-0.01863533
6.600006,-0.04907198,-0.9185179,-0.06237702,0,0,0,0,0,0,-0.08884833
6.619995,-0.04907198,-0.9185179,-0.06237702,0,0,0,0,0,0,-0.1304481
6.639984,-0.04882769,-0.7971808,0.1143804,0,0,0,0,0,0,-0.1981002
6.660004,-0.06860399,-0.7700805,0.04846204,0,0,0,0,0,0,-0.2493408
6.679993,-0.04956055,-0.7232056,-0.007689571,0,0,0,0,0,0,-0.296835
6.699982,0.006835348,-0.6616828,0.02502456,0,0,0,0,0,0,-0.3465709
6.720001,0.006835348,-0.6616828,0.02502456,0,0,0,0,0,0,-0.3733438
6.73999,0.09399419,-0.6087038,0.08972307,0,0,0,0,0,0,-0.4010946
6.759979,0.2155756,-0.4609993,0.06384274,0,0,0,0,0,0,-0.4556759
6.779999,0.1308596,-0.5286261,-0.004271119,0,0,0,0,0,0,-0.4722967
6.799988,0.02880866,-0.6897586,-0.07434082,0,0,0,0,0,0,-0.4209514
6.820007,0.02880866,-0.6897586,-0.07434082,0,0,0,0,0,0,-0.3859141
6.839996,-0.4145507,-1.217347,-0.8172604,0,0,0,0,0,0,-0.0459105
6.859985,-0.7788095,-1.422669,-1.065063,0,0,0,0,0,0,0.3183734
6.880005,-0.98169,-1.424866,-0.8848873,0,0,0,0,0,0,0.5367416
6.899994,-1.031251,-1.309875,-0.6573479,0,0,0,0,0,0,0.6061066
6.919983,-1.031251,-1.309875,-0.6573479,0,0,0,0,0,0,0.6422797
6.940002,-0.1413577,-1.229065,0.1231701,0,0,0,0,0,0,0.4495224
6.959991,-0.1413577,-1.229065,0.1231701,0,0,0,0,0,0,0.3287301
6.97998,0.02709866,-1.40558,0.2293708,0,0,0,0,0,0,0.3214237
7,0.1970208,-1.372131,0.1680923,0,0,0,0,0,0,0.3032864
7.019989,0.1970208,-1.372131,0.1680923,0,0,0,0,0,0,0.2894411
7.039978,0.09106431,-0.5859992,0.2489028,0,0,0,0,0,0,-0.007897592
7.059998,0.04711924,-0.5803837,0.2276623,0,0,0,0,0,0,-0.1943781
7.079987,0.08349611,-0.7954723,0.2650148,0,0,0,0,0,0,-0.2226519
7.100006,0.09716836,-0.9729626,0.2828384,0,0,0,0,0,0,-0.1710203
7.119995,0.09716836,-0.9729626,0.2828384,0,0,0,0,0,0,-0.1381842
7.139984,-0.01928772,-0.9800422,0.234742,0,0,0,0,0,0,-0.1207993
7.160004,-0.01928772,-0.9800422,0.234742,0,0,0,0,0,0,-0.1091425
7.179993,-0.07202244,-0.9446409,0.1798102,0,0,0,0,0,0,-0.1176471
7.199982,-0.1079107,-0.9258434,0.1136476,0,0,0,0,0,0,-0.1312775
7.220001,-0.1079107,-0.9258434,0.1136476,0,0,0,0,0,0,-0.1382699
7.23999,-0.1787117,-0.9500121,0.01525933,0,0,0,0,0,0,-0.1306261
7.259979,-0.3762211,-0.9712526,-0.1971421,0,0,0,0,0,0,-0.08932189
7.279999,-0.4406737,-1.018128,-0.1236571,0,0,0,0,0,0,-0.04214563
7.299988,-0.2897951,-1.031311,0.1114505,0,0,0,0,0,0,-0.02813797
7.320007,-0.2897951,-1.031311,0.1114505,0,0,0,0,0,0,-0.01940302
7.339996,-0.07666076,-0.8657847,-0.199585,0,0,0,0,0,0,-0.08433066
7.359985,-0.07666076,-0.8657847,-0.199585,0,0,0,0,0,0,-0.1227783
7.380005,-0.108642,-0.9788208,-0.06115714,0,0,0,0,0,0,-0.1087779
7.399994,-0.1108406,-0.9876105,0.1009525,0,0,0,0,0,0,-0.09464651
7.419983,-0.08276325,-0.9519664,0.1773689,0,0,0,0,0,0,-0.09548238
7.440002,-0.07934635,-0.968567,0.2008064,0,0,0,0,0,0,-0.0873051
7.459991,-0.09936538,-1.033264,0.1861586,0,0,0,0,0,0,-0.05787752
7.47998,-0.1318368,-1.11554,0.1688236,0,0,0,0,0,0,-0.008634175
7.5,-0.1318368,-1.11554,0.1688236,0,0,0,0,0,0,0.02121544
7.519989,-0.2473142,-1.149476,0.05261335,0,0,0,0,0,0,0.05465224
7.539978,-0.2387704,-1.097962,-0.1202386,0,0,0,0,0,0,0.05651721
7.559998,-0.2387704,-1.097962,-0.1202386,0,0,0,0,0,0,0.05710766
7.579987,-0.2771,-1.076966,-0.3492422,0,0,0,0,0,0,0.07043284
7.600006,-0.4477534,-1.356995,-0.2452385,0,0,0,0,0,0,0.1858351
7.619995,-0.6943362,-1.429261,-0.03527836,0,0,0,0,0,0,0.3068533
7.639984,-0.8251958,-1.153137,0.01257374,0,0,0,0,0,0,0.3119828
7.660004,-0.4704596,-1.113099,-0.1051022,0,0,0,0,0,0,0.2342052
7.679993,-0.1938481,-1.349915,-0.06286559,0,0,0,0,0,0,0.2428038
7.699982,-0.267579,-1.561341,0.3343517,0,0,0,0,0,0,0.3421367
7.720001,-0.2446286,-1.612121,0.7669686,0,0,0,0,0,0,0.468452
7.73999,0.05200185,-1.355042,0.835084,0,0,0,0,0,0,0.4607869
7.759979,0.3825679,-0.990296,0.4803477,0,0,0,0,0,0,0.289398
7.779999,0.4257816,-0.8694459,0.07263237,0,0,0,0,0,0,0.1091674
7.799988,0.4257816,-0.8694459,0.07263237,0,0,0,0,0,0,-0.000819022
7.820007,-0.06005863,-0.8870236,-0.2362046,0,0,0,0,0,0,-0.0866508
7.839996,-0.02832009,-0.8115843,0.03039575,0,0,0,0,0,0,-0.178468
7.859985,-0.02832009,-0.8115843,0.03039575,0,0,0,0,0,0,-0.232276
7.880005,-0.02929723,-0.7839971,0.1832287,0,0,0,0,0,0,-0.2652527
7.899994,-0.07153386,-0.775696,0.18567,0,0,0,0,0,0,-0.2845094
7.919983,-0.0861817,-0.7256469,0.09924401,0,0,0,0,0,0,-0.3175216
7.940002,0.001464162,-0.6321412,0.05188049,0,0,0,0,0,0,-0.373672
7.959991,0.001464162,-0.6321412,0.05188049,0,0,0,0,0,0,-0.404065
7.97998,0.01147367,-0.6143193,-0.00109851,0,0,0,0,0,0,-0.4261386
8,-0.03857389,-0.6748664,-0.0977783,0,0,0,0,0,0,-0.4093749
8.019989,-0.09521563,-0.7561656,-0.1702877,0,0,0,0,0,0,-0.3581404
8.039978,-0.1223143,-0.760071,-0.1878655,0,0,0,0,0,0,-0.3193924
8.059998,-0.1477045,-0.7651979,-0.1700435,0,0,0,0,0,0,-0.2909521
8.079987,-0.1540528,-0.8279421,-0.1878655,0,0,0,0,0,0,-0.2462224
8.100006,-0.1223143,-0.9089969,-0.2855224,0,0,0,0,0,0,-0.1796987
8.119995,-0.332276,-1.029603,-0.5067135,0,0,0,0,0,0,-0.04883094
8.139984,-0.332276,-1.029603,-0.5067135,0,0,0,0,0,0,0.03074251
8.160004,-0.6281735,-1.102357,-0.5225828,0,0,0,0,0,0,0.1460055
8.179993,-0.8935556,-1.148254,-0.4727779,0,0,0,0,0,0,0.2742095
8.199982,-1.104249,-1.164124,-0.5447988,0,0,0,0,0,0,0.4116727
8.220001,-0.9143075,-1.008362,-0.614867,0,0,0,0,0,0,0.41451
8.23999,-0.4584957,-1.073548,-0.1715076,0,0,0,0,0,0,0.2930807
8.259979,-0.179443,-1.426087,0.1717535,0,0,0,0,0,0,0.3186065
8.279999,0.01367225,-1.780335,0.1829844,0,0,0,0,0,0,0.4610492
8.299988,0.3581548,-1.778382,-0.1553941,0,0,0,0,0,0,0.5545429
8.320007,-0.01245082,-0.5022588,0.146119,0,0,0,0,0,0,0.1127409
8.339996,-0.01245082,-0.5022588,0.146119,0,0,0,0,0,0,-0.1553995
8.359985,-0.03979532,-0.4732058,0.2156985,0,0,0,0,0,0,-0.3166456
8.380005,0.07250945,-0.631897,0.3128669,0,0,0,0,0,0,-0.339952
8.399994,0.1381835,-0.8855594,0.3502209,0,0,0,0,0,0,-0.2545029
8.419983,0.15332,-1.041809,0.3406984,0,0,0,0,0,0,-0.1455198
8.440002,0.1525871,-0.9761352,0.2901623,0,0,0,0,0,0,-0.1075389
8.459991,0.05224614,-0.8855594,0.260865,0,0,0,0,0,0,-0.1234795
8.47998,-0.04052818,-0.8987432,0.2398689,0,0,0,0,0,0,-0.1295011
8.5,-0.1257327,-0.9878547,0.1121834,0,0,0,0,0,0,-0.1049163
8.519989,-0.1599126,-1.02008,0.04943918,0,0,0,0,0,0,-0.07705069
8.539978,-0.1599126,-1.02008,0.04943918,0,0,0,0,0,0,-0.05947398
8.559998,-0.2119144,-1.033508,-0.05065906,0,0,0,0,0,0,-0.03973213
8.579987,-0.2197269,-1.009095,-0.1624753,0,0,0,0,0,0,-0.03151827
8.600006,-0.1120605,-1.017152,0.1131606,0,0,0,0,0,0,-0.03229523
8.619995,-0.1120605,-1.017152,0.1131606,0,0,0,0,0,0,-0.03245812
8.639984,-0.09667978,-0.939514,0.07287666,0,0,0,0,0,0,-0.06350753
8.660004,-0.1699221,-0.8613891,-0.04919334,0,0,0,0,0,0,-0.107482
8.679993,-0.2011721,-0.8650519,-0.1173088,0,0,0,0,0,0,-0.1267797
8.699982,-0.1320795,-0.9578246,-0.07141094,0,0,0,0,0,0,-0.1092454
8.720001,-0.08349611,-0.9981085,0.05334621,0,0,0,0,0,0,-0.08488082
8.73999,-0.0861817,-0.9683227,0.1502687,0,0,0,0,0,0,-0.07668729
8.759979,-0.05761733,-0.9363415,0.199098,0,0,0,0,0,0,-0.08038726
8.779999,-0.07299802,-1.024964,0.2161871,0,0,0,0,0,0,-0.0472617
8.799988,-0.1015624,-1.066712,0.205689,0,0,0,0,0,0,-0.01119177
8.820007,-0.1015624,-1.066712,0.205689,0,0,0,0,0,0,0.01071881
8.839996,-0.1462403,-1.091614,0.2257081,0,0,0,0,0,0,0.03646141
8.859985,-0.1889655,-1.125305,0.2164314,0,0,0,0,0,0,0.06579319
8.880005,-0.2343748,-1.067688,-0.1104734,0,0,0,0,0,0,0.05906285
8.899994,-0.2600093,-1.056459,-0.06872535,0,0,0,0,0,0,0.05119355
8.919983,-0.2600093,-1.056459,-0.06872535,0,0,0,0,0,0,0.04595019
8.940002,-0.3454597,-1.095521,-0.1590568,0,0,0,0,0,0,0.06875627
8.959991,-0.702393,-1.344299,-0.06823678,0,0,0,0,0,0,0.2181628
8.97998,-0.8137206,-1.024476,-0.1038808,0,0,0,0,0,0,0.2281878
9,-0.3596189,-0.9866333,-0.2320548,0,0,0,0,0,0,0.142031
9.019989,-0.3596189,-0.9866333,-0.2320548,0,0,0,0,0,0,0.08859991
9.039978,-0.02636736,-1.27179,-0.248657,0,0,0,0,0,0,0.1393159
9.059998,-0.3312989,-1.733216,0.5765389,0,0,0,0,0,0,0.3815466
9.079987,-0.1413577,-1.548401,0.8031012,0,0,0,0,0,0,0.4839213
9.100006,-0.1413577,-1.548401,0.8031012,0,0,0,0,0,0,0.5412096
9.119995,0.1630852,-1.053285,0.575806,0,0,0,0,0,0,0.3660414
9.139984,0.352295,-0.7976693,0.148316,0,0,0,0,0,0,0.1324519
9.160004,0.1574713,-0.979798,-0.4737535,0,0,0,0,0,0,0.07173836
9.179993,-0.0307614,-0.9436654,-0.3800036,0,0,0,0,0,0,0.003238316
9.199982,-0.0307614,-0.9436654,-0.3800036,0,0,0,0,0,0,-0.03820074
9.220001,-0.05419887,-0.8569951,-0.07311939,0,0,0,0,0,0,-0.1221503
9.23999,-0.07543933,-0.8247679,0.1702893,0,0,0,0,0,0,-0.1779232
9.259979,-0.06396566,-0.7937623,0.1270755,0,0,0,0,0,0,-0.2248154
9.279999,-0.004394041,-0.7520142,0.02063052,0,0,0,0,0,0,-0.2715843
9.299988,-0.004394041,-0.7520142,0.02063052,0,0,0,0,0,0,-0.297276
9.320007,0.04956055,-0.713196,-0.02697729,0,0,0,0,0,0,-0.3239989
9.339996,0.03686544,-0.7193001,-0.08361747,0,0,0,0,0,0,-0.3334053
9.359985,-0.1013181,-0.8152471,-0.257445,0,0,0,0,0,0,-0.2843083
9.380005,-0.1791988,-0.8145142,-0.2672118,0,0,0,0,0,0,-0.2462881
9.399994,-0.1791988,-0.8145142,-0.2672118,0,0,0,0,0,0,-0.2209651
9.419983,-0.2453614,-0.8088987,-0.2449942,0,0,0,0,0,0,-0.2019148
9.440002,-0.2768557,-0.8484498,-0.2706287,0,0,0,0,0,0,-0.1685205
9.459991,-0.2189941,-0.8845823,-0.3323973,0,0,0,0,0,0,-0.1325171
9.47998,-0.3061529,-0.912904,-0.3045643,0,0,0,0,0,0,-0.0943413
9.5,-0.3061529,-0.912904,-0.3045643,0,0,0,0,0,0,-0.07036783
9.519989,-0.5554198,-1.012025,-0.4796133,0,0,0,0,0,0,0.03606614
9.539978,-0.6435543,-1.069154,-0.6658932,0,0,0,0,0,0,0.1625207
9.559998,-0.5483402,-1.071839,-0.6287835,0,0,0,0,0,0,0.216069
9.579987,-0.3610846,-0.9795536,-0.3878161,0,0,0,0,0,0,0.153448
9.600006,-0.1477045,-1.055237,-0.07189796,0,0,0,0,0,0,0.09675309
9.619995,0.06884671,-1.58307,0.3304446,0,0,0,0,0,0,0.2708307
9.639984,0.06884671,-1.58307,0.3304446,0,0,0,0,0,0,0.3734877
9.660004,0.2988274,-1.590882,0.1517344,0,0,0,0,0,0,0.4347111
9.679993,0.6503912,-1.078919,-0.2767328,0,0,0,0,0,0,0.3399213
9.699982,0.4968253,-0.7017224,-0.2884507,0,0,0,0,0,0,0.133876
9.720001,0.4968253,-0.7017224,-0.2884507,0,0,0,0,0,0,0.008049833
9.73999,-0.08300754,-0.9451295,0.4747322,0,0,0,0,0,0,-0.009561714
9.759979,-0.09204146,-0.9697884,0.4285901,0,0,0,0,0,0,-0.01884397
9.779999,-0.08935587,-0.992493,0.283814,0,0,0,0,0,0,-0.03496351
9.799988,-0.08935587,-0.992493,0.283814,0,0,0,0,0,0,-0.04437561
9.820007,-0.1032724,-0.9712526,0.1392836,0,0,0,0,0,0,-0.06846392
9.839996,-0.2160642,-0.9221806,-0.02746587,0,0,0,0,0,0,-0.09721639
9.859985,-0.5139161,-1.008118,-0.4320055,0,0,0,0,0,0,-0.01348206
9.880005,-0.5139161,-1.008118,-0.4320055,0,0,0,0,0,0,0.03726341
9.899994,-0.4675297,-1.133118,-0.3707269,0,0,0,0,0,0,0.09395785
9.919983,-0.3093271,-1.127502,-0.3023673,0,0,0,0,0,0,0.09960224
9.940002,-0.1308596,-0.9824836,-0.07604927,0,0,0,0,0,0,0.02091636
9.959991,-0.006104045,-0.9431768,0.1500244,0,0,0,0,0,0,-0.0416755
9.97998,0.005615472,-0.9612431,0.2022706,0,0,0,0,0,0,-0.06875882
10,0.005615472,-0.9612431,0.2022706,0,0,0,0,0,0,-0.08447748
10.01999,0.007568206,-0.9983528,0.1251228,0,0,0,0,0,0,-0.08410197
10.03998,-0.03222711,-0.9985971,0.06408702,0,0,0,0,0,0,-0.08498406
10.06,-0.08691456,-0.9768681,0.108765,0,0,0,0,0,0,-0.09019358
10.07999,-0.08691456,-0.9768681,0.108765,0,0,0,0,0,0,-0.09248591
10.10001,-0.1586912,-0.970764,0.1114505,0,0,0,0,0,0,-0.0917758
10.12,-0.2404788,-0.9812621,0.04309085,0,0,0,0,0,0,-0.08239004
10.13998,-0.2202155,-0.9900517,0.03088432,0,0,0,0,0,0,-0.07460397
10.16,-0.1684579,-0.9993284,0.03088432,0,0,0,0,0,0,-0.06949992
10.17999,-0.1230471,-1.009095,0.02673456,0,0,0,0,0,0,-0.0646055
10.19998,-0.08496182,-1.002258,0.03747693,0,0,0,0,0,0,-0.06497373
10.22,-0.05737304,-1.003724,0.06164572,0,0,0,0,0,0,-0.06431321
10.23999,-0.0485834,-1.012756,0.07312094,0,0,0,0,0,0,-0.05976757
10.25998,-0.04516651,-1.013978,0.06213429,0,0,0,0,0,0,-0.0563269
10.28,-0.04370079,-1.009582,0.03723265,0,0,0,0,0,0,-0.05586655
10.29999,-0.04370079,-1.009582,0.03723265,0,0,0,0,0,0,-0.05505757
10.32001,-0.09326134,-1.008362,0.07336523,0,0,0,0,0,0,-0.05248494
10.34,-0.09960967,-1.006898,0.09192009,0,0,0,0,0,0,-0.05018039
10.35999,-0.09960967,-1.006898,0.09192009,0,0,0,0,0,0,-0.04831058
10.38,-0.09960967,-1.006898,0.09192009,0,0,0,0,0,0,-0.04672136
10.39999,-0.1123048,-0.9832164,0.05627453,0,0,0,0,0,0,-0.05473012
10.41998,-0.1252442,-1.004944,0.04895061,0,0,0,0,0,0,-0.05042836
10.44,-0.1252442,-1.034485,0.0636,0,0,0,0,0,0,-0.03591934
10.45999,-0.108155,-1.02765,0.0892345,0,0,0,0,0,0,-0.02939402
10.47998,-0.08422897,-0.990296,0.1036381,0,0,0,0,0,0,-0.03957648
10.5,-0.08422897,-0.990296,0.1036381,0,0,0,0,0,0,-0.04535579
10.51999,-0.09594693,-0.9988414,0.07238808,0,0,0,0,0,0,-0.04583973
10.53998,-0.09594693,-0.9988414,0.07238808,0,0,0,0,0,0,-0.04569678
10.56,-0.1027838,-1.006654,0.05651882,0,0,0,0,0,0,-0.04235742
10.57999,-0.09497134,-1.007141,0.04675359,0,0,0,0,0,0,-0.04023134
10.60001,-0.09497134,-1.007141,0.04675359,0,0,0,0,0,0,-0.03856396
10.62,-0.04907198,-1.00763,0.04382371,0,0,0,0,0,0,-0.03829678
10.63998,-0.04223663,-0.9976199,0.04968347,0,0,0,0,0,0,-0.04158144
10.66,-0.06152435,-1.014222,0.04968347,0,0,0,0,0,0,-0.03650244
10.67999,-0.09277432,-1.019593,0.05066061,0,0,0,0,0,0,-0.03013751
10.69998,-0.1079107,-1.00055,0.06067013,0,0,0,0,0,0,-0.03241754
10.72,-0.1044923,-0.9844363,0.07556225,0,0,0,0,0,0,-0.03931455
10.73999,-0.09472705,-0.9846805,0.07605083,0,0,0,0,0,0,-0.04337648
10.75998,-0.07690505,-1.002747,0.0714125,0,0,0,0,0,0,-0.03931006
10.78,-0.06152435,-1.014953,0.0645756,0,0,0,0,0,0,-0.03243492
10.79999,-0.05590888,-1.010071,0.04699787,0,0,0,0,0,0,-0.03031038
10.82001,-0.08154338,-1.007141,0.02258325,0,0,0,0,0,0,-0.02950546
10.84,-0.08154338,-1.007141,0.02258325,0,0,0,0,0,0,-0.0287386
10.85999,-0.09033146,-1.012756,0.03210575,0,0,0,0,0,0,-0.02549602
10.88,-0.0861817,-1.009339,0.04943918,0,0,0,0,0,0,-0.02445875
10.89999,-0.07617219,-0.9978642,0.06970249,0,0,0,0,0,0,-0.02778926
10.91998,-0.07617219,-0.9978642,0.06970249,0,0,0,0,0,0,-0.02953858
10.94,-0.07836921,-0.9966428,0.07946772,0,0,0,0,0,0,-0.03043666
10.95999,-0.07641648,-0.999817,0.08117773,0,0,0,0,0,0,-0.02949692
10.97998,-0.06860399,-1.000306,0.07189951,0,0,0,0,0,0,-0.02894639
11,-0.06128006,-1.002747,0.05749596,0,0,0,0,0,0,-0.02794659
11.01999,-0.05615316,-1.011048,0.04895061,0,0,0,0,0,0,-0.02421645
11.03998,-0.05737304,-1.018128,0.04699787,0,0,0,0,0,0,-0.01905759
11.06,-0.06909256,-1.009339,0.04089383,0,0,0,0,0,0,-0.01891115
11.07999,-0.08471754,-1.003724,0.04821775,0,0,0,0,0,0,-0.02019389
11.10001,-0.08764742,-1.002991,0.06189,0,0,0,0,0,0,-0.02067576
11.12,-0.07617219,-1.002503,0.07263237,0,0,0,0,0,0,-0.02103717
11.13998,-0.07617219,-1.002503,0.07263237,0,0,0,0,0,0,-0.0210558
11.16,-0.070801,-1.00177,0.06384274,0,0,0,0,0,0,-0.02151936
11.17999,-0.07690505,-1.00055,0.0516362,0,0,0,0,0,0,-0.02215267
11.19998,-0.08349611,-1.002747,0.044068,0,0,0,0,0,0,-0.02143096
11.22,-0.08740313,-1.004944,0.0389411,0,0,0,0,0,0,-0.01991433
11.23999,-0.08154338,-1.014466,0.03405849,0,0,0,0,0,0,-0.01545706
11.25998,-0.06762684,-1.010804,0.04431228,0,0,0,0,0,0,-0.01424076
11.28,-0.07104529,-1.004455,0.05554323,0,0,0,0,0,0,-0.01547412
11.29999,-0.08129909,-1.010071,0.05456608,0,0,0,0,0,0,-0.0136749
11.32001,-0.08642599,-0.9988414,0.04821775,0,0,0,0,0,0,-0.01666515
11.34,-0.08642599,-0.9988414,0.04821775,0,0,0,0,0,0,-0.01831444
11.35999,-0.0810548,-1.002503,0.04089383,0,0,0,0,0,0,-0.01804583
11.38,-0.07006814,-1.006654,0.03967395,0,0,0,0,0,0,-0.0164717
11.39999,-0.06201136,-1.006898,0.04528943,0,0,0,0,0,0,-0.01538154
11.41998,-0.06396566,-1.006898,0.0413824,0,0,0,0,0,0,-0.01459379
11.44,-0.06933684,-1.010559,0.03723265,0,0,0,0,0,0,-0.01251859
11.45999,-0.06689398,-1.010804,0.04699787,0,0,0,0,0,0,-0.01096094
11.47998,-0.06518553,-0.9993284,0.04821775,0,0,0,0,0,0,-0.01428221
11.5,-0.06469696,-0.9978642,0.05310192,0,0,0,0,0,0,-0.01662692
11.51999,-0.0605472,-1.004455,0.06433131,0,0,0,0,0,0,-0.01523991
11.53998,-0.05517602,-1.010315,0.06091441,0,0,0,0,0,0,-0.01223516
11.56,-0.05517602,-1.010315,0.06091441,0,0,0,0,0,0,-0.01030255
11.57999,-0.06103578,-0.9968871,0.02404897,0,0,0,0,0,0,-0.01458793
11.60001,-0.06103578,-0.9968871,0.02404897,0,0,0,0,0,0,-0.01703988
11.62,-0.07836921,-1.003235,0.01648076,0,0,0,0,0,0,-0.01555456
11.63998,-0.1015624,-1.013489,0.02063052,0,0,0,0,0,0,-0.009816826
11.66,-0.09667978,-1.015198,0.01599219,0,0,0,0,0,0,-0.005821204
11.67999,-0.09667978,-1.015198,0.01599219,0,0,0,0,0,0,-0.003350577
11.69998,-0.08544885,-1.003968,0.02575742,0,0,0,0,0,0,-0.006381085
11.72,-0.06982386,-0.9927374,0.04089383,0,0,0,0,0,0,-0.01267346
11.73999,-0.0581059,-0.9990857,0.04284812,0,0,0,0,0,0,-0.01420555
11.75998,-0.04980483,-1.017395,0.04040526,0,0,0,0,0,0,-0.008261946
11.78,-0.04296949,-1.007385,0.04284812,0,0,0,0,0,0,-0.008467641
11.79999,-0.04296949,-1.007385,0.04284812,0,0,0,0,0,0,-0.008511549
11.82001,-0.03784259,-1.002747,0.04699787,0,0,0,0,0,0,-0.01022446
11.84,-0.05395459,-1.000306,0.04187097,0,0,0,0,0,0,-0.01189479
11.85999,-0.05395459,-1.000306,0.04187097,0,0,0,0,0,0,-0.01279151
11.88,-0.06884827,-1.002503,0.0389411,0,0,0,0,0,0,-0.01207818
11.89999,-0.07788064,-1.010559,0.03674408,0,0,0,0,0,0,-0.008262911
11.91998,-0.08496182,-1.015686,0.03088432,0,0,0,0,0,0,-0.003795819
11.94,-0.08081052,-1.009339,0.02551313,0,0,0,0,0,0,-0.003647525
11.95999,-0.06396566,-0.9961558,0.03161718,0,0,0,0,0,0,-0.008912637
11.97998,-0.03955103,-1.009827,0.02771015,0,0,0,0,0,0,-0.007347148
12,-0.03955103,-1.009827,0.02771015,0,0,0,0,0,0,-0.006331019
12.01999,-0.03881818,-1.014711,0.01989766,0,0,0,0,0,0,-0.003883058
12.03998,-0.04174805,-1.014466,0.01989766,0,0,0,0,0,0,-0.00241497
12.06,-0.05175757,-0.9995727,0.04211526,0,0,0,0,0,0,-0.006719139
12.07999,-0.06591839,-1.006654,0.03991824,0,0,0,0,0,0,-0.006292453
12.10001,-0.06591839,-1.006654,0.03991824,0,0,0,0,0,0,-0.005974771
12.12,-0.07983493,-1.012756,0.03747693,0,0,0,0,0,0,-0.003069848
12.13998,-0.08496182,-1.00348,0.03161718,0,0,0,0,0,0,-0.004713371
12.16,-0.08325183,-1.008118,0.02160766,0,0,0,0,0,0,-0.004060667
12.17999,-0.08081052,-1.008851,0.02331611,0,0,0,0,0,0,-0.00341083
12.19998,-0.08081052,-1.008851,0.02331611,0,0,0,0,0,0,-0.002985598
12.22,-0.06249994,-1.006654,0.02404897,0,0,0,0,0,0,-0.004019514
12.23999,-0.06249994,-1.006654,0.02404897,0,0,0,0,0,0,-0.004606319
12.25998,-0.04370079,-1.008362,0.0465093,0,0,0,0,0,0,-0.004346951
12.28,-0.03466842,-1.014466,0.05212478,0,0,0,0,0,0,-0.001862686
12.29999,-0.03466842,-1.014466,0.05212478,0,0,0,0,0,0,-0.000343279
12.32001,-0.02539021,-0.9985971,0.05920441,0,0,0,0,0,0,-0.005396368
12.34,-0.07885778,-1.005188,0.03015146,0,0,0,0,0,0,-0.005339018
12.35999,-0.07885778,-1.005188,0.03015146,0,0,0,0,0,0,-0.005253631
12.38,-0.1040037,-1.019105,0.02282754,0,0,0,0,0,0,0.000899343
12.39999,-0.1040037,-1.019105,0.02282754,0,0,0,0,0,0,0.00461027
12.41998,-0.1149904,-1.008607,0.0235604,0,0,0,0,0,0,0.003299086
12.44,-0.1076664,-0.9932259,0.02307183,0,0,0,0,0,0,-0.003643961
12.45999,-0.09741265,-0.990296,0.02942016,0,0,0,0,0,0,-0.009250581
12.47998,-0.09741265,-0.990296,0.02942016,0,0,0,0,0,0,-0.01255192
12.5,-0.0861817,-1.002503,0.03649979,0,0,0,0,0,0,-0.01011475
12.51999,-0.07055672,-1.016908,0.04504514,0,0,0,0,0,0,-0.003420947
12.53998,-0.04736353,-1.000306,0.05651882,0,0,0,0,0,0,-0.00592651
12.56,-0.04663067,-0.9876105,0.05529894,0,0,0,0,0,0,-0.0122351
12.57999,-0.06152435,-1.000794,0.05310192,0,0,0,0,0,0,-0.010676
12.60001,-0.0810548,-1.017152,0.04553371,0,0,0,0,0,0,-0.003056903
12.62,-0.0810548,-1.017152,0.04553371,0,0,0,0,0,0,0.00157788
12.63998,-0.1000982,-1.005432,0.02038623,0,0,0,0,0,0,0.000266947
12.66,-0.09326134,-1.004944,0.03601122,0,0,0,0,0,0,-0.000795703
12.67999,-0.08715884,-1.000061,0.04602073,0,0,0,0,0,0,-0.003329675
12.69998,-0.08715884,-1.000061,0.04602073,0,0,0,0,0,0,-0.004829844
12.72,-0.08178766,-1.004213,0.04919489,0,0,0,0,0,0,-0.00423485
12.73999,-0.06616268,-1.011048,0.05114763,0,0,0,0,0,0,-0.001645189
12.75998,-0.04834067,-1.006165,0.06018155,0,0,0,0,0,0,-0.002107976
12.78,-0.03784259,-0.9990857,0.06384274,0,0,0,0,0,0,-0.005135525
12.79999,-0.03784259,-0.9990857,0.06384274,0,0,0,0,0,0,-0.006916888
12.82001,-0.04174805,-0.9959115,0.06237857,0,0,0,0,0,0,-0.009106891
12.84,-0.06811541,-1.010315,0.02819872,0,0,0,0,0,0,-0.004923473
12.85999,-0.06884827,-1.008362,0.01477076,0,0,0,0,0,0,-0.003177489
12.88,-0.06884827,-1.008362,0.01477076,0,0,0,0,0,0,-0.002091854
12.89999,-0.06323279,-1.0047,0.01867778,0,0,0,0,0,0,-0.002919443
12.91998,-0.07543933,-1.005921,0.02990717,0,0,0,0,0,0,-0.002507214
12.94,-0.0861817,-0.9971314,0.02966444,0,0,0,0,0,0,-0.005236509
12.95999,-0.09008873,-0.9981085,0.03015146,0,0,0,0,0,0,-0.006330809
12.97998,-0.08520456,-1.010071,0.03527836,0,0,0,0,0,0,-0.002504237
13,-0.08520456,-1.010071,0.03527836,0,0,0,0,0,0,-0.000167276
13.01999,-0.08129909,-1.010559,0.04309085,0,0,0,0,0,0,0.00142474
13.03998,-0.0786135,-1.009095,0.0465093,0,0,0,0,0,0,0.001796396
13.06,-0.06909256,-1.007385,0.05188049,0,0,0,0,0,0,0.001191907
13.07999,-0.05493173,-1.008118,0.05114763,0,0,0,0,0,0,0.000748496
13.10001,-0.04760781,-1.003968,0.04187097,0,0,0,0,0,0,-0.001403859
13.12,-0.05493173,-0.9964001,0.03942967,0,0,0,0,0,0,-0.005456653
13.13998,-0.06957957,-1.002747,0.0362555,0,0,0,0,0,0,-0.005149218
13.16,-0.07690505,-1.014222,0.02942016,0,0,0,0,0,0,-0.000450489
13.17999,-0.07006814,-1.011292,0.01477076,0,0,0,0,0,0,0.000974995
13.19998,-0.07006814,-1.011292,0.01477076,0,0,0,0,0,0,0.001827448
13.22,-0.04956055,-0.995423,0.03356991,0,0,0,0,0,0,-0.003983768
13.23999,-0.04956055,-0.995423,0.03356991,0,0,0,0,0,0,-0.007458796
13.25998,-0.05883876,-1.009827,0.03649979,0,0,0,0,0,0,-0.003797601
13.28,-0.06616268,-1.031311,0.04553371,0,0,0,0,0,0,0.00690154
13.29999,-0.06616268,-1.021057,0.04455657,0,0,0,0,0,0,0.009402739
13.32001,-0.06128006,-1.000794,0.04040526,0,0,0,0,0,0,0.002964593
13.34,-0.0605472,-1.010559,0.04235955,0,0,0,0,0,0,0.002759078
13.35999,-0.06591839,-1.013978,0.04846204,0,0,0,0,0,0,0.004134606
13.38,-0.07250945,-1.004455,0.04675359,0,0,0,0,0,0,0.001461454
13.39999,-0.1076664,-0.9976199,0.03552264,0,0,0,0,0,0,-0.001731011
13.41998,-0.1257327,-1.00348,0.01892207,0,0,0,0,0,0,-0.000809085
13.44,-0.1257327,-1.00348,0.01892207,0,0,0,0,0,0,-0.000244105
13.45999,-0.1257327,-1.00348,0.01892207,0,0,0,0,0,0,9.98E-05
13.47998,-0.1264656,-1.009827,0.006958269,0,0,0,0,0,0,0.002676126
13.5,-0.06494124,-0.9942015,0.01721207,0,0,0,0,0,0,-0.003874343
13.51999,-0.0410152,-1.003235,0.02282754,0,0,0,0,0,0,-0.004808902
13.53998,-0.02710021,-1.012268,0.0362555,0,0,0,0,0,0,-0.001928577
13.56,-0.02001902,-1.02179,0.04748645,0,0,0,0,0,0,0.003558604
13.57999,-0.02001902,-1.02179,0.04748645,0,0,0,0,0,0,0.00684179
13.60001,-0.04467794,-1.000794,0.04333514,0,0,0,0,0,0,0.001024194
13.62,-0.07153386,-1.000794,0.03503563,0,0,0,0,0,0,-0.002034411
13.63998,-0.08862301,-1.022279,0.04064954,0,0,0,0,0,0,0.004860398
13.66,-0.08325183,-1.010071,0.05334621,0,0,0,0,0,0,0.004414878
13.67999,-0.06689398,-0.9951786,0.05969298,0,0,0,0,0,0,-0.001858571
13.69998,-0.08862301,-1.004455,0.02478027,0,0,0,0,0,0,-0.002041182
13.72,-0.110352,-1.008118,-0.01257218,0,0,0,0,0,0,-2.09E-05
13.73999,-0.110352,-1.008118,-0.01257218,0,0,0,0,0,0,0.001200508
13.75998,-0.110352,-1.008118,-0.01257218,0,0,0,0,0,0,0.001927448
13.78,-0.110352,-1.008118,-0.01257218,0,0,0,0,0,0,0.00234857
13.79999,-0.08129909,-1.00177,-0.006956712,0,0,0,0,0,0,-0.000888771
13.82001,-0.08081052,-1.008607,-0.009398019,0,0,0,0,0,0,-0.000255187
13.84,-0.07934635,-1.008851,-0.000854224,0,0,0,0,0,0,0.000162369
13.85999,-0.07177815,-1.014953,0.01794493,0,0,0,0,0,0,0.002571532
13.88,-0.05200185,-1.016419,0.04309085,0,0,0,0,0,0,0.004388651
13.89999,-0.04370079,-0.9893189,0.05603024,0,0,0,0,0,0,-0.00473586
13.91998,-0.04370079,-0.9893189,0.05603024,0,0,0,0,0,0,-0.01020665
13.94,-0.05712875,-0.9944458,0.04724216,0,0,0,0,0,0,-0.01138851
13.95999,-0.05712875,-0.9944458,0.04724216,0,0,0,0,0,0,-0.01199474
13.97998,-0.08007766,-1.019105,0.0389411,0,0,0,0,0,0,-0.002449942
14,-0.07470647,-1.000794,0.03235004,0,0,0,0,0,0,-0.003834132
14.01999,-0.07470647,-1.000794,0.03235004,0,0,0,0,0,0,-0.004634483
14.03998,-0.07714933,-0.9866333,0.03137289,0,0,0,0,0,0,-0.01037818
14.06,-0.08984444,-0.9951786,0.02844301,0,0,0,0,0,0,-0.01014599
14.07999,-0.1010738,-1.011536,0.007691127,0,0,0,0,0,0,-0.003459885
14.10001,-0.1010738,-1.011536,0.007691127,0,0,0,0,0,0,0.000614745
14.12,-0.09790122,-1.00763,-0.002318386,0,0,0,0,0,0,0.001466247
14.13998,-0.08837872,-1.011781,0.01208517,0,0,0,0,0,0,0.003231761
14.16,-0.07153386,-1.008118,0.0362555,0,0,0,0,0,0,0.00259544
14.17999,-0.02710021,-1.006898,0.05358894,0,0,0,0,0,0,0.001192145
14.19998,-0.01562499,-1.013734,0.04943918,0,0,0,0,0,0,0.002753645
14.22,-0.01562499,-1.013734,0.04943918,0,0,0,0,0,0,0.003671403
14.23999,-0.01489213,-1.022766,0.04602073,0,0,0,0,0,0,0.007554435
14.25998,-0.02026331,-1.013489,0.05066061,0,0,0,0,0,0,0.006428189
14.28,-0.02954152,-0.9993284,0.05188049,0,0,0,0,0,0,0.000424481
14.29999,-0.04394507,-1.007141,0.04797502,0,0,0,0,0,0,-0.000119421
14.32001,-0.06347708,-1.007874,0.03674408,0,0,0,0,0,0,4.65E-05
14.34,-0.08056623,-1.009339,0.02917587,0,0,0,0,0,0,0.001070131
14.35999,-0.08764742,-1.012512,0.03186146,0,0,0,0,0,0,0.003133347
14.38,-0.05737304,-0.9905403,0.05969298,0,0,0,0,0,0,-0.004314503
14.39999,-0.03222711,-0.9656371,0.05529894,0,0,0,0,0,0,-0.01874638
14.41998,-0.01879915,-1.003724,0.05334621,0,0,0,0,0,0,-0.01301943
14.44,-0.01879915,-1.003724,0.05334621,0,0,0,0,0,0,-0.009433797
14.45999,-0.03735401,-1.027893,0.03454706,0,0,0,0,0,0,0.001880595
14.47998,-0.06689398,-1.007385,-0.01379362,0,0,0,0,0,0,0.001309976
14.5,-0.08276325,-0.9995727,-0.02575586,0,0,0,0,0,0,-0.001469597
14.51999,-0.08764742,-1.007874,-0.003539817,0,0,0,0,0,0,4.09E-05
14.53998,-0.08154338,-1.00641,0.009888148,0,0,0,0,0,0,0.000221058
14.56,-0.08911158,-1.010804,0.01110958,0,0,0,0,0,0,0.002238773
14.57999,-0.1308596,-1.020325,-0.006225409,0,0,0,0,0,0,0.008725295
14.60001,-0.1308596,-1.020325,-0.006225409,0,0,0,0,0,0,0.01256348
14.62,-0.1384278,-1.003968,-0.02746587,0,0,0,0,0,0,0.009116677
14.63998,-0.1101077,-0.9961558,0.0030528,0,0,0,0,0,0,0.002534101
14.66,-0.02465891,-1.010071,0.1094978,0,0,0,0,0,0,0.003873899
14.67999,-0.07470647,-1.037171,0.1422119,0,0,0,0,0,0,0.0172819
14.69998,-0.07470647,-1.037171,0.1422119,0,0,0,0,0,0,0.02522286
14.72,-0.1369637,-1.011048,0.03137289,0,0,0,0,0,0,0.01885
14.73999,-0.1069336,-0.9802865,-0.05798298,0,0,0,0,0,0,0.002293644
14.75998,-0.03100568,-1.013489,0.09509426,0,0,0,0,0,0,0.003894553
14.78,-0.06005863,-1.000794,0.1129163,0,0,0,0,0,0,0.001223019
14.79999,-0.06005863,-1.000794,0.1129163,0,0,0,0,0,0,-0.000403571
14.82001,-0.07983493,-1.014711,0.07165523,0,0,0,0,0,0,0.002961251
14.84,-0.06982386,-1.014953,0.01281803,0,0,0,0,0,0,0.003852801
14.85999,-0.06469696,-1.005188,0.05993727,0,0,0,0,0,0,0.001169455
14.88,-0.0810548,-0.9985971,0.0892345,0,0,0,0,0,0,-0.001680615
14.89999,-0.1098635,-0.9922488,0.06262286,0,0,0,0,0,0,-0.005505208
14.91998,-0.1098635,-0.9922488,0.06262286,0,0,0,0,0,0,-0.007764883
14.94,-0.06591839,-1.010804,0.02063052,0,0,0,0,0,0,-0.004160329
14.95999,-0.06591839,-1.010804,0.02063052,0,0,0,0,0,0,-0.001941858
14.97998,-0.07470647,-0.9910289,0.03308134,0,0,0,0,0,0,-0.007714831
15,-0.05712875,-0.9981085,0.02697885,0,0,0,0,0,0,-0.008959631
15.01999,-0.05712875,-0.9981085,0.02697885,0,0,0,0,0,0,-0.009626991
15.03998,-0.01635784,-0.9585575,0.04187097,0,0,0,0,0,0,-0.02532713
15.06,-0.09350562,-0.9473265,-0.05261179,0,0,0,0,0,0,-0.03694395
15.07999,-0.1970223,-0.9675914,0.06579702,0,0,0,0,0,0,-0.02983902
15.10001,-0.1970223,-0.9675914,0.06579702,0,0,0,0,0,0,-0.02526065
15.12,-0.1166988,-1.016908,0.2330335,0,0,0,0,0,0,0.000599071
15.13998,-0.06884827,-1.033753,-0.003784103,0,0,0,0,0,0,0.01101047
15.16,-0.09765694,-1.002258,0.02624599,0,0,0,0,0,0,0.006292456
15.17999,-0.09765694,-1.002258,0.02624599,0,0,0,0,0,0,0.00338065
15.19998,-0.04394507,-1.023987,0.08703748,0,0,0,0,0,0,0.009671715
15.22,-0.04296949,-1.013245,0.1112063,0,0,0,0,0,0,0.01019677
15.23999,-0.07788064,-0.9649058,0.02453754,0,0,0,0,0,0,-0.009297076
15.25998,-0.07788064,-0.9649058,0.02453754,0,0,0,0,0,0,-0.02099278
15.28,-0.1091306,-0.9107054,0.06604131,0,0,0,0,0,0,-0.04639201
15.29999,-0.06591839,-0.9514779,0.09875544,0,0,0,0,0,0,-0.04638538
15.32001,-0.05737304,-1.067444,0.05529894,0,0,0,0,0,0,-0.003549341
15.34,-0.08911158,-1.043031,0.007202554,0,0,0,0,0,0,0.01342643
15.35999,-0.1101077,-0.964173,0.01086529,0,0,0,0,0,0,-0.00545403
15.38,-0.1037594,-0.9675914,0.03137289,0,0,0,0,0,0,-0.0156208
15.39999,-0.05224614,-1.011536,0.02478027,0,0,0,0,0,0,-0.006591661
15.41998,-0.03149426,-1.067444,0.004761248,0,0,0,0,0,0,0.01972686
15.44,-0.09082003,-1.030336,0.02233897,0,0,0,0,0,0,0.02277702
15.45999,-0.110352,-1.003968,0.04773073,0,0,0,0,0,0,0.01550108
15.47998,-0.06909256,-1.005188,0.0389411,0,0,0,0,0,0,0.0098802
15.5,-0.02636736,-0.9717411,0.02746587,0,0,0,0,0,0,-0.007225134
15.51999,-0.09960967,-0.9927374,0.04602073,0,0,0,0,0,0,-0.007504097
15.53998,-0.1076664,-1.015442,0.05871584,0,0,0,0,0,0,0.001532884
15.56,-0.06298851,-1.029847,0.05017204,0,0,0,0,0,0,0.01084571
15.57999,-0.03344699,-1.019349,0.04235955,0,0,0,0,0,0,0.01173107
15.60001,-0.03344699,-1.019349,0.04235955,0,0,0,0,0,0,0.01215483
15.62,-0.04418936,-1.001038,0.04675359,0,0,0,0,0,0,0.005579644
15.63998,-0.04418936,-1.001038,0.04675359,0,0,0,0,0,0,0.001551907
15.66,-0.05053769,-1.005921,0.03991824,0,0,0,0,0,0,0.000955614
15.67999,-0.01953201,-1.012756,0.04113812,0,0,0,0,0,0,0.00278978
15.69998,-0.01953201,-1.012756,0.04113812,0,0,0,0,0,0,0.003872014
15.72,-0.1013181,-1.005921,0.01770064,0,0,0,0,0,0,0.003495991
15.73999,-0.01953201,-0.9793094,0.02624599,0,0,0,0,0,0,-0.008662267
15.75998,0.09082003,-1.005677,0.04211526,0,0,0,0,0,0,-0.004228876
15.78,0.04443365,-1.025451,0.03186146,0,0,0,0,0,0,0.004670415
15.79999,0.04443365,-1.025451,0.03186146,0,0,0,0,0,0,0.01000565
15.82001,-0.07153386,-0.9915159,0.003541373,0,0,0,0,0,0,0.000668419
15.84,-0.06811541,-1.016663,0.001831369,0,0,0,0,0,0,0.004458852
15.85999,-0.0410152,-0.9480594,-0.02209468,0,0,0,0,0,0,-0.01979377
15.88,-0.1025395,-0.9514779,-0.01525778,0,0,0,0,0,0,-0.03126238
15.89999,-0.1179202,-1.008851,0.007935413,0,0,0,0,0,0,-0.01561448
15.91998,-0.08276325,-1.061586,0.000611494,0,0,0,0,0,0,0.01263466
15.94,0.03662115,-1.039124,-0.009642306,0,0,0,0,0,0,0.02009367
15.95999,0.08300754,-1.039124,-0.007689571,0,0,0,0,0,0,0.02541823
15.97998,-0.02343748,-1.05304,-0.002318386,0,0,0,0,0,0,0.03251514
16,-0.02343748,-1.05304,-0.002318386,0,0,0,0,0,0,0.03649634
16.01999,-0.0307614,-1.009827,0.01013243,0,0,0,0,0,0,0.02223231
16.03998,-0.009033924,-1.029603,0.02526885,0,0,0,0,0,0,0.020849
16.06,-0.009033924,-1.029603,0.02526885,0,0,0,0,0,0,0.01981471
16.07999,-0.06372137,-0.9976199,-0.01525778,0,0,0,0,0,0,0.007531662
16.10001,-0.0324714,-1.031556,-0.02307027,0,0,0,0,0,0,0.01240588
16.12,-0.0964355,-1.051575,0.002319942,0,0,0,0,0,0,0.02422734
16.13998,-0.1074222,-1.019349,-0.007445285,0,0,0,0,0,0,0.01937496
16.16,-0.08251897,-1.000061,-0.01623492,0,0,0,0,0,0,0.008114494
16.17999,-0.02441462,-1.002014,-0.000365651,0,0,0,0,0,0,0.000744111
16.19998,0.02221605,-1.002503,-0.02038468,0,0,0,0,0,0,-0.003473459
16.22,0.02221605,-1.002503,-0.02038468,0,0,0,0,0,0,-0.005990007
16.23999,0.004638327,-1.024232,-0.0242917,0,0,0,0,0,0,0.000743805
16.25998,-0.04736353,-1.050599,-0.01843194,0,0,0,0,0,0,0.01518038
16.28,-0.04736353,-1.050599,-0.01843194,0,0,0,0,0,0,0.02376309
16.29999,-0.0478521,-1.00641,-0.02404741,0,0,0,0,0,0,0.0120079
16.32001,-0.03051711,-0.9639287,0.01355089,0,0,0,0,0,0,-0.01167635
16.34,-0.0485834,-1.010071,-0.01379362,0,0,0,0,0,0,-0.008088795
16.35999,-0.05053769,-1.014953,-0.04333358,0,0,0,0,0,0,-0.003638627
16.38,-0.05053769,-1.014953,-0.04333358,0,0,0,0,0,0,-0.00091395
16.39999,-0.03564401,-1.025451,-0.02868574,0,0,0,0,0,0,0.004289959
16.41998,-0.03564401,-1.025451,-0.02868574,0,0,0,0,0,0,0.00739498
16.44,0.001708448,-1.028626,-0.0123279,0,0,0,0,0,0,0.01004883
16.45999,0.01074237,-0.9961558,0.006713982,0,0,0,0,0,0,-0.000778924
16.47998,0.01074237,-0.9961558,0.006713982,0,0,0,0,0,0,-0.00731691
16.5,-0.05786161,-0.9985971,-0.02062896,0,0,0,0,0,0,-0.009585253
16.51999,-0.05786161,-0.9985971,-0.02062896,0,0,0,0,0,0,-0.01086542
16.53998,-0.08520456,-1.005188,-0.02233741,0,0,0,0,0,0,-0.008285034
16.56,-0.03881818,-1.003235,-0.00842243,0,0,0,0,0,0,-0.008553574
16.57999,-0.0051269,-0.9837034,0.01110958,0,0,0,0,0,0,-0.01632665
16.60001,-0.001952734,-0.9871219,-0.02600015,0,0,0,0,0,0,-0.01946947
16.62,-0.01245082,-1.013734,-0.04699632,0,0,0,0,0,0,-0.01076001
16.63998,-0.04296949,-1.02765,-0.04846048,0,0,0,0,0,0,0.000227366
16.66,-0.08740313,-1.038391,-0.04650775,0,0,0,0,0,0,0.01196333
16.67999,-0.0861817,-1.021302,-0.04675203,0,0,0,0,0,0,0.01244492
16.69998,-0.0563959,-0.999817,-0.03576538,0,0,0,0,0,0,0.003515861
16.72,-0.0605472,-1.002747,-0.04309085,0,0,0,0,0,0,-0.000603324
16.73999,-0.0605472,-1.002747,-0.04309085,0,0,0,0,0,0,-0.003087639
16.75998,-0.07641648,-1.018616,-0.03381264,0,0,0,0,0,0,0.001725481
16.78,-0.1083993,-1.015442,-0.03747538,0,0,0,0,0,0,0.004565789
16.79999,-0.09741265,-1.008851,-0.05529739,0,0,0,0,0,0,0.003636895
16.82001,-0.07519504,-0.9985971,-0.04504358,0,0,0,0,0,0,-0.001752322
16.84,-0.08886729,-0.9932259,-0.03430121,0,0,0,0,0,0,-0.006761746
16.85999,-0.0683597,-0.9966428,-0.04162513,0,0,0,0,0,0,-0.008939922
16.88,-0.06909256,-1.008362,-0.02868574,0,0,0,0,0,0,-0.005884401
16.89999,-0.1057137,-0.999817,-0.04748489,0,0,0,0,0,0,-0.005738132
16.91998,-0.1057137,-0.999817,-0.04748489,0,0,0,0,0,0,-0.005595215
16.94,-0.08935587,-1.013245,-0.03063847,0,0,0,0,0,0,-0.001227069
16.95999,-0.04052818,-1.005677,-0.02722158,0,0,0,0,0,0,-0.00267043
16.97998,-0.006592617,-1.002747,-0.04016097,0,0,0,0,0,0,-0.004767291
17,-0.02099617,-1.001283,-0.04797347,0,0,0,0,0,0,-0.006339596
17.01999,-0.07153386,-1.011292,-0.05017048,0,0,0,0,0,0,-0.002514622
17.03998,-0.09960967,-1.025207,-0.04016097,0,0,0,0,0,0,0.005809401
17.06,-0.08886729,-1.016175,-0.03600966,0,0,0,0,0,0,0.006937097
17.07999,-0.0656741,-1.000061,-0.04333358,0,0,0,0,0,0,0.000888859
17.10001,-0.05249042,-1.00763,-0.04064799,0,0,0,0,0,0,-0.000244005
17.12,-0.05249042,-1.00763,-0.04064799,0,0,0,0,0,0,-0.000926494
17.13998,-0.08178766,-1.022035,-0.0396724,0,0,0,0,0,0,0.004846568
17.16,-0.08935587,-1.011781,-0.05090334,0,0,0,0,0,0,0.004841632
17.17999,-0.08691456,-0.9946901,-0.03698681,0,0,0,0,0,0,-0.001982246
17.19998,-0.08764742,-0.9995727,-0.03527836,0,0,0,0,0,0,-0.004240505
17.22,-0.07543933,-0.9988414,-0.04382215,0,0,0,0,0,0,-0.00609113
17.23999,-0.08593742,-1.00641,-0.04626346,0,0,0,0,0,0,-0.003927031
17.25998,-0.1022953,-1.012512,-0.03845097,0,0,0,0,0,0,0.000177891
17.28,-0.07397517,-0.9959115,-0.0301499,0,0,0,0,0,0,-0.004669759
17.29999,-0.03295842,-0.9905403,-0.02722158,0,0,0,0,0,0,-0.01046197
17.32001,-0.02392605,-1.006654,-0.04553216,0,0,0,0,0,0,-0.007592138
17.34,-0.06298851,-1.01886,-0.05676154,0,0,0,0,0,0,-0.000307364
17.35999,-0.08032195,-1.014222,-0.03747538,0,0,0,0,0,0,0.002467158
17.38,-0.04760781,-0.9993284,-0.03527836,0,0,0,0,0,0,-0.002340618
17.39999,-0.04760781,-0.9993284,-0.03527836,0,0,0,0,0,0,-0.005224679
17.41998,-0.02490319,-0.9878547,-0.02355884,0,0,0,0,0,0,-0.01171951
17.44,-0.02490319,-0.9878547,-0.02355884,0,0,0,0,0,0,-0.0155343
17.45999,-0.1125491,-1.023987,-0.04089227,0,0,0,0,0,0,-0.001536694
17.47998,-0.1125491,-1.023987,-0.04089227,0,0,0,0,0,0,0.00693947
17.5,-0.1164545,-1.017152,-0.04406644,0,0,0,0,0,0,0.009633501
17.51999,-0.05346757,-1.007874,-0.04406644,0,0,0,0,0,0,0.005663556
17.53998,-0.05346757,-1.007874,-0.04406644,0,0,0,0,0,0,0.003209891
17.56,-0.06665125,-1.018616,-0.04235799,0,0,0,0,0,0,0.006035788
17.57999,-0.06665125,-1.018616,-0.04235799,0,0,0,0,0,0,0.00768669
17.60001,-0.08691456,-0.995423,-0.03185991,0,0,0,0,0,0,0.000268841
17.62,-0.1044923,-1.002503,-0.03478979,0,0,0,0,0,0,-0.000867779
17.63998,-0.06957957,-1.017639,-0.04040526,0,0,0,0,0,0,0.003120141
17.66,-0.06957957,-0.9966428,-0.04382215,0,0,0,0,0,0,-0.00239728
17.67999,-0.06957957,-0.9966428,-0.04382215,0,0,0,0,0,0,-0.005709815
17.69998,-0.0478521,-0.9922488,-0.03820668,0,0,0,0,0,0,-0.009897308
17.72,-0.04687496,-1.002991,-0.03430121,0,0,0,0,0,0,-0.008331275
17.73999,-0.1818843,-0.9885876,-0.04675203,0,0,0,0,0,0,-0.006699278
17.75998,-0.1069336,-1.007874,-0.04943763,0,0,0,0,0,0,-0.002430992
17.78,-0.04760781,-1.015686,-0.04968191,0,0,0,0,0,0,0.001418228
17.79999,-0.04760781,-1.015686,-0.04968191,0,0,0,0,0,0,0.003731587
17.82001,-0.07153386,-1.007385,-0.04650775,0,0,0,0,0,0,0.002426062
17.84,-0.08325183,-0.9964001,-0.03112705,0,0,0,0,0,0,-0.00242775
17.85999,-0.09423848,-1.000306,-0.02404741,0,0,0,0,0,0,-0.003565654
17.88,-0.09423848,-1.000306,-0.02404741,0,0,0,0,0,0,-0.004219649
17.89999,-0.08251897,-1.006165,-0.025023,0,0,0,0,0,0,-0.002739171
17.91998,-0.08349611,-1.021546,-0.03234848,0,0,0,0,0,0,0.004113418
17.94,-0.1149904,-1.005921,-0.04284656,0,0,0,0,0,0,0.003624552
17.95999,-0.1333009,-0.9732053,-0.04528787,0,0,0,0,0,0,-0.008121704
17.97998,-0.1333009,-0.9732053,-0.04528787,0,0,0,0,0,0,-0.01514518
18,-0.1232914,-0.9810178,-0.03918383,0,0,0,0,0,0,-0.01690029
18.01999,-0.08691456,-1.004944,-0.02624444,0,0,0,0,0,0,-0.01038097
18.03998,-0.06933684,-0.9522092,-0.02722158,0,0,0,0,0,0,-0.02683041
18.06,-0.07202244,-1.026673,-0.04577489,0,0,0,0,0,0,-0.007983006
18.07999,-0.1245113,-1.047913,-0.03600966,0,0,0,0,0,0,0.01324641
18.10001,-0.1245113,-1.047913,-0.03600966,0,0,0,0,0,0,0.02595374
18.12,-0.1596683,-1.009582,-0.04260228,0,0,0,0,0,0,0.02089398
18.13998,-0.08276325,-0.9978642,-0.04553216,0,0,0,0,0,0,0.009773741
18.16,-0.07275373,-1.008851,-0.04553216,0,0,0,0,0,0,0.006823243
18.17999,-0.07275373,-1.008851,-0.04553216,0,0,0,0,0,0,0.004974818
18.19998,-0.1047366,-1.020569,-0.05285608,0,0,0,0,0,0,0.009432119
18.22,-0.08227623,-1.004455,-0.04260228,0,0,0,0,0,0,0.004980247
18.23999,-0.06128006,-1.015686,-0.04333358,0,0,0,0,0,0,0.005941488
18.25998,-0.07055672,-1.007874,-0.04675203,0,0,0,0,0,0,0.003793211
18.28,-0.07055672,-1.007874,-0.04675203,0,0,0,0,0,0,0.002458517
18.29999,-0.1015624,-0.9981085,-0.03723109,0,0,0,0,0,0,-0.001209727
18.32001,-0.1228029,-1.010071,-0.0472406,0,0,0,0,0,0,0.002151902
18.34,-0.12207,-1.016175,-0.0499262,0,0,0,0,0,0,0.006478892
18.35999,-0.1276855,-0.995423,-0.05212322,0,0,0,0,0,0,0.001521906
18.38,-0.1276855,-0.995423,-0.05212322,0,0,0,0,0,0,-0.001489048
18.39999,-0.1271969,-0.9995727,-0.04406644,0,0,0,0,0,0,-0.001902405
18.41998,-0.12207,-0.9727183,-0.03869525,0,0,0,0,0,0,-0.01257853
18.44,-0.1223143,-0.992493,-0.04455501,0,0,0,0,0,0,-0.01135742
18.45999,-0.1303711,-1.008118,-0.04894905,0,0,0,0,0,0,-0.004166483
18.47998,-0.1303711,-1.008118,-0.04894905,0,0,0,0,0,0,0.000220006
18.5,-0.1206058,-1.012512,-0.04431073,0,0,0,0,0,0,0.003987271
18.51999,-0.106445,-0.9964001,-0.05334465,0,0,0,0,0,0,-0.000287856
18.53998,-0.1047366,-0.9873661,-0.05285608,0,0,0,0,0,0,-0.006356715
18.56,-0.1047366,-0.9873661,-0.05285608,0,0,0,0,0,0,-0.009964982
18.57999,-0.1015624,-0.9964001,-0.05017048,0,0,0,0,0,0,-0.008818843
18.60001,-0.1088863,-1.00055,-0.04699632,0,0,0,0,0,0,-0.006242848
18.62,-0.1181645,-1.015686,-0.05456452,0,0,0,0,0,0,0.001620009
18.63998,-0.1286626,-1.008607,-0.05798298,0,0,0,0,0,0,0.004244998
18.66,-0.1367194,-0.9956672,-0.05456452,0,0,0,0,0,0,0.00125366
18.67999,-0.1367194,-0.9956672,-0.05456452,0,0,0,0,0,0,-0.000566541
18.69998,-0.1208501,-0.9885876,-0.04357787,0,0,0,0,0,0,-0.005305869
18.72,-0.09619121,-1.011536,-0.04260228,0,0,0,0,0,0,-0.00048519
18.73999,-0.1108406,-0.9922488,-0.04772918,0,0,0,0,0,0,-0.004190598
18.75998,-0.1157232,-0.9993284,-0.06603976,0,0,0,0,0,0,-0.003118481
18.78,-0.1223143,-1.000061,-0.05822726,0,0,0,0,0,0,-0.002052098
18.79999,-0.1018067,-1.006898,-0.05627297,0,0,0,0,0,0,0.000284237
18.82001,-0.1179202,-1.001283,-0.05383167,0,0,0,0,0,0,0.000190315
18.84,-0.1179202,-1.001283,-0.05383167,0,0,0,0,0,0,0.000131721
18.85999,-0.1293955,-0.9937145,-0.04943763,0,0,0,0,0,0,-0.00230512
18.88,-0.1174317,-1.000794,-0.05065906,0,0,0,0,0,0,-0.001624325
18.89999,-0.1174317,-1.000794,-0.05065906,0,0,0,0,0,0,-0.001197385
18.91998,-0.1076664,-0.992493,-0.05017048,0,0,0,0,0,0,-0.004483644
18.94,-0.1076664,-0.992493,-0.05017048,0,0,0,0,0,0,-0.006427581
18.95999,-0.08471754,-1.00348,-0.04333358,0,0,0,0,0,0,-0.004347497
18.97998,-0.08837872,-1.013978,-0.04113656,0,0,0,0,0,0,0.001006475
19,-0.1154789,-0.9951786,-0.04650775,0,0,0,0,0,0,-0.001739398
19.01999,-0.1018067,-0.9981085,-0.05090334,0,0,0,0,0,0,-0.002758586
19.03998,-0.1093749,-1.015931,-0.0550531,0,0,0,0,0,0,0.003759595
19.06,-0.1403806,-1.003968,-0.05383167,0,0,0,0,0,0,0.004578575
19.07999,-0.1403806,-1.003968,-0.05383167,0,0,0,0,0,0,0.005030127
19.10001,-0.1413577,-0.9976199,-0.0550531,0,0,0,0,0,0,0.002946586
19.12,-0.1413577,-0.9976199,-0.0550531,0,0,0,0,0,0,0.001659094
19.13998,-0.1186531,-1.00763,-0.06066857,0,0,0,0,0,0,0.003645003
19.16,-0.1052251,-1.007385,-0.05725012,0,0,0,0,0,0,0.004080807
19.17999,-0.1052251,-1.007385,-0.05725012,0,0,0,0,0,0,0.00430548
19.19998,-0.1303711,-0.9929816,-0.05310036,0,0,0,0,0,0,2.89E-06
19.22,-0.1274412,-1.002747,-0.05261179,0,0,0,0,0,0,0.000924858
19.23999,-0.1274412,-1.002747,-0.05261179,0,0,0,0,0,0,0.001473378
19.25998,-0.1274412,-1.002747,-0.05261179,0,0,0,0,0,0,0.001790946
19.28,-0.1174317,-1.000306,-0.04821775,0,0,0,0,0,0,0.000501923
19.29999,-0.1174317,-1.000306,-0.04821775,0,0,0,0,0,0,-0.00028205
19.32001,-0.1230471,-1.001527,-0.04626346,0,0,0,0,0,0,-7.35E-05
19.34,-0.1079107,-1.004944,-0.04968191,0,0,0,0,0,0,0.000746362
19.35999,-0.1210944,-0.9995727,-0.05163465,0,0,0,0,0,0,-0.000185265
19.38,-0.1345224,-0.9929816,-0.04675203,0,0,0,0,0,0,-0.002670166
19.39999,-0.1188974,-0.999817,-0.04943763,0,0,0,0,0,0,-0.002272618
19.41998,-0.1059564,-1.013489,-0.04943763,0,0,0,0,0,0,0.002601208
19.44,-0.1083993,-1.010804,-0.04504358,0,0,0,0,0,0,0.004529178
19.45999,-0.1130376,-1.00641,-0.04650775,0,0,0,0,0,0,0.004210745
19.47998,-0.1164545,-1.013245,-0.06042428,0,0,0,0,0,0,0.006979666
19.5,-0.1328124,-0.988099,-0.04553216,0,0,0,0,0,0,-0.000411051
19.51999,-0.1313482,-0.9971314,-0.04675203,0,0,0,0,0,0,-0.001528086
19.53998,-0.1313482,-0.9971314,-0.04675203,0,0,0,0,0,0,-0.002188847
19.56,-0.1062007,-1.014466,-0.06921392,0,0,0,0,0,0,0.003331779
19.57999,-0.1203616,-0.9866333,-0.06237702,0,0,0,0,0,0,-0.003414634
19.60001,-0.1201173,-0.9978642,-0.06237702,0,0,0,0,0,0,-0.003243038
19.62,-0.1135262,-1.00348,-0.05432024,0,0,0,0,0,0,-0.001459524
19.63998,-0.1003425,-1.008118,-0.05651726,0,0,0,0,0,0,0.000899285
19.66,-0.1003425,-1.008118,-0.05651726,0,0,0,0,0,0,0.002316628
19.67999,-0.09594693,-1.000794,-0.04406644,0,0,0,0,0,0,-1.27E-05
19.69998,-0.08813444,-1.016908,-0.04553216,0,0,0,0,0,0,0.004426279
19.72,-0.08813444,-1.016908,-0.04553216,0,0,0,0,0,0,0.007067589
